POPULATION,LATITUDE,LONGITUDE,CountyFIPS,TractFIPS
11091,+40.793356,-073.881698,36005,36005000100
4334,+40.811766,-073.859826,36005,36005000200
5503,+40.810343,-073.853387,36005,36005000400
5643,+40.819750,-073.859176,36005,36005001600
1917,+40.804472,-073.918385,36005,36005001900
8731,+40.817328,-073.866274,36005,36005002000
4933,+40.809082,-073.925870,36005,36005002300
4,+40.816121,-073.871165,36005,36005002400
5491,+40.806939,-073.920503,36005,36005002500
3113,+40.805019,-073.916566,36005,36005002701
4475,+40.806703,-073.914339,36005,36005002702
5586,+40.821086,-073.877001,36005,36005002800
1597,+40.811490,-073.905550,36005,36005003100
3413,+40.808798,-073.913607,36005,36005003300
3761,+40.812023,-073.908985,36005,36005003500
245,+40.811442,-073.912187,36005,36005003700
1264,+40.820302,-073.863067,36005,36005003800
6475,+40.809504,-073.921267,36005,36005003900
1420,+40.828253,-073.858285,36005,36005004001
6127,+40.811537,-073.919581,36005,36005004100
7143,+40.823405,-073.863702,36005,36005004200
5056,+40.813312,-073.916338,36005,36005004300
4797,+40.826536,-073.866440,36005,36005004400
1555,+40.822574,-073.869750,36005,36005004600
3883,+40.827423,-073.875091,36005,36005004800
4767,+40.825019,-073.877676,36005,36005005001
5823,+40.827305,-073.878380,36005,36005005002
5810,+40.814181,-073.923929,36005,36005005100
2031,+40.826545,-073.881325,36005,36005005200
4669,+40.852127,-073.922031,36005,36005005300
5853,+40.829948,-073.879270,36005,36005005400
2711,+40.832520,-073.879018,36005,36005005600
2582,+40.824281,-073.923340,36005,36005005902
1129,+40.839141,-073.876715,36005,36005006000
3713,+40.824013,-073.921072,36005,36005006100
6585,+40.833401,-073.876035,36005,36005006200
5280,+40.824416,-073.926515,36005,36005006300
3967,+40.833100,-073.871883,36005,36005006400
5337,+40.818208,-073.921792,36005,36005006500
6984,+40.819698,-073.918139,36005,36005006700
2897,+40.828881,-073.870372,36005,36005006800
7564,+40.822056,-073.916280,36005,36005006900
4584,+40.829803,-073.865658,36005,36005007000
1907,+40.819465,-073.911472,36005,36005007100
5432,+40.831004,-073.860685,36005,36005007200
3893,+40.814707,-073.909202,36005,36005007300
3710,+40.819370,-073.852836,36005,36005007400
4869,+40.818360,-073.908615,36005,36005007500
5190,+40.833344,-073.868136,36005,36005007600
1927,+40.819821,-073.904767,36005,36005007700
6418,+40.829354,-073.853632,36005,36005007800
6733,+40.815912,-073.904872,36005,36005007900
6155,+40.813900,-073.901830,36005,36005008300
2374,+40.815614,-073.848193,36005,36005008400
5457,+40.816095,-073.898777,36005,36005008500
4176,+40.819475,-073.849711,36005,36005008600
5466,+40.820078,-073.896574,36005,36005008700
3177,+40.818596,-073.893957,36005,36005008900
3667,+40.819559,-073.846007,36005,36005009000
5017,+40.832443,-073.851496,36005,36005009200
6356,+40.813285,-073.887581,36005,36005009300
2594,+40.833748,-073.846015,36005,36005009600
5038,+40.825306,-073.850971,36005,36005009800
151,+40.817881,-073.823792,36005,36005011000
4340,+40.818715,-073.887133,36005,36005011502
1585,+40.815905,-073.886182,36005,36005011700
5089,+40.813549,-073.806451,36005,36005011800
5698,+40.823319,-073.889775,36005,36005011900
3090,+40.828099,-073.889072,36005,36005012101
1631,+40.825922,-073.888100,36005,36005012102
4152,+40.830537,-073.889135,36005,36005012300
3905,+40.828777,-073.893541,36005,36005012500
2253,+40.825798,-073.891624,36005,36005012701
4015,+40.822470,-073.899134,36005,36005012901
1032,+40.819030,-073.814159,36005,36005013000
5103,+40.825915,-073.897760,36005,36005013100
5890,+40.815619,-073.821330,36005,36005013200
6384,+40.822944,-073.903828,36005,36005013300
3583,+40.827099,-073.902048,36005,36005013500
3042,+40.822015,-073.808717,36005,36005013800
3437,+40.823601,-073.912407,36005,36005014100
1003,+40.829200,-073.911872,36005,36005014300
5880,+40.821175,-073.823482,36005,36005014400
5816,+40.831776,-073.906757,36005,36005014500
6461,+40.834365,-073.905875,36005,36005014701
5110,+40.836637,-073.904869,36005,36005014702
4591,+40.832376,-073.901624,36005,36005014900
5409,+40.831055,-073.898588,36005,36005015100
2341,+40.826605,-073.824825,36005,36005015200
4031,+40.833030,-073.894952,36005,36005015300
3005,+40.836624,-073.889258,36005,36005015500
3580,+40.833262,-073.887496,36005,36005015700
1206,+40.825023,-073.818744,36005,36005015800
2164,+40.822411,-073.893385,36005,36005015900
3767,+40.831317,-073.817474,36005,36005016000
4380,+40.836231,-073.885841,36005,36005016100
1769,+40.828903,-073.821436,36005,36005016200
0,+40.838574,-073.895007,36005,36005016300
1141,+40.832219,-073.824797,36005,36005016400
1077,+40.843463,-073.900943,36005,36005016500
2166,+40.829857,-073.829664,36005,36005016600
2047,+40.839985,-073.901162,36005,36005016700
1663,+40.837322,-073.902044,36005,36005016900
0,+40.840371,-073.907509,36005,36005017100
5987,+40.825821,-073.916841,36005,36005017300
6911,+40.830695,-073.913645,36005,36005017500
4294,+40.833258,-073.911102,36005,36005017701
4805,+40.836222,-073.909815,36005,36005017702
4677,+40.834888,-073.915381,36005,36005017901
3587,+40.837080,-073.913855,36005,36005017902
3300,+40.831824,-073.916070,36005,36005018101
5555,+40.832327,-073.917994,36005,36005018102
4525,+40.828793,-073.920752,36005,36005018301
3647,+40.828622,-073.918872,36005,36005018302
3855,+40.837764,-073.829462,36005,36005018400
7466,+40.826815,-073.906737,36005,36005018500
7752,+40.832258,-073.928834,36005,36005018900
5461,+40.835829,-073.927507,36005,36005019300
1903,+40.836591,-073.835744,36005,36005019400
7756,+40.831164,-073.922273,36005,36005019500
7501,+40.834897,-073.919754,36005,36005019700
8154,+40.836659,-073.925324,36005,36005019900
4878,+40.840943,-073.845864,36005,36005020000
4013,+40.841564,-073.925795,36005,36005020100
2155,+40.838428,-073.847659,36005,36005020200
2976,+40.841031,-073.851047,36005,36005020400
6996,+40.847642,-073.922567,36005,36005020501
1764,+40.851379,-073.919003,36005,36005020502
3050,+40.836422,-073.850377,36005,36005020601
4361,+40.842810,-073.914257,36005,36005020900
8521,+40.840584,-073.859054,36005,36005021001
6839,+40.838631,-073.856774,36005,36005021002
5565,+40.840518,-073.923535,36005,36005021100
5267,+40.835917,-073.858590,36005,36005021200
1201,+40.845678,-073.919625,36005,36005021301
5415,+40.842653,-073.920211,36005,36005021302
3506,+40.849682,-073.918002,36005,36005021501
6051,+40.847849,-073.916785,36005,36005021502
4206,+40.838335,-073.864839,36005,36005021601
5769,+40.837538,-073.862108,36005,36005021602
5334,+40.847824,-073.913685,36005,36005021700
6499,+40.837543,-073.867878,36005,36005021800
1367,+40.840549,-073.918815,36005,36005021900
1487,+40.841153,-073.874077,36005,36005022000
3849,+40.838311,-073.917959,36005,36005022101
5488,+40.837735,-073.916026,36005,36005022102
3425,+40.835471,-073.855280,36005,36005022200
5047,+40.840592,-073.914910,36005,36005022300
2708,+40.854863,-073.868741,36005,36005022401
3188,+40.855563,-073.866020,36005,36005022403
4509,+40.852497,-073.866213,36005,36005022404
7698,+40.840526,-073.911159,36005,36005022500
5196,+40.847079,-073.910473,36005,36005022701
1699,+40.844304,-073.912967,36005,36005022702
1556,+40.844212,-073.910410,36005,36005022703
6218,+40.854299,-073.863660,36005,36005022800
5370,+40.846222,-073.906982,36005,36005022901
3273,+40.843654,-073.907233,36005,36005022902
2950,+40.849234,-073.866092,36005,36005023000
1537,+40.846460,-073.903487,36005,36005023100
2661,+40.846891,-073.863739,36005,36005023200
4377,+40.849363,-073.908435,36005,36005023301
3415,+40.848131,-073.904958,36005,36005023302
3341,+40.852534,-073.904249,36005,36005023501
4386,+40.850809,-073.903739,36005,36005023502
1907,+40.845092,-073.867255,36005,36005023600
1241,+40.860153,-073.897357,36005,36005023702
5253,+40.859710,-073.899882,36005,36005023703
3758,+40.856188,-073.901922,36005,36005023704
2615,+40.844734,-073.862861,36005,36005023800
8348,+40.858672,-073.902800,36005,36005023900
3882,+40.842029,-073.868766,36005,36005024000
6182,+40.853024,-073.905955,36005,36005024100
5685,+40.852330,-073.911408,36005,36005024300
2120,+40.846505,-073.857596,36005,36005024400
4864,+40.852798,-073.915612,36005,36005024501
3640,+40.855000,-073.913398,36005,36005024502
2058,+40.851943,-073.861093,36005,36005024600
1764,+40.855485,-073.917337,36005,36005024700
3363,+40.854968,-073.858791,36005,36005024800
0,+40.857437,-073.913141,36005,36005024900
2383,+40.851710,-073.855735,36005,36005025000
6802,+40.856731,-073.907465,36005,36005025100
2530,+40.847186,-073.855047,36005,36005025200
6332,+40.860935,-073.904634,36005,36005025300
1959,+40.848613,-073.852670,36005,36005025400
6529,+40.861017,-073.908257,36005,36005025500
1663,+40.844808,-073.849800,36005,36005025600
1912,+40.860538,-073.913056,36005,36005025700
1932,+40.866650,-073.905880,36005,36005026100
6984,+40.865056,-073.904021,36005,36005026300
4935,+40.841823,-073.832241,36005,36005026400
6942,+40.865363,-073.901230,36005,36005026500
2911,+40.847128,-073.834012,36005,36005026601
5301,+40.846229,-073.829978,36005,36005026602
4037,+40.869409,-073.901406,36005,36005026701
7040,+40.872088,-073.900012,36005,36005026702
3777,+40.870054,-073.905568,36005,36005026900
7942,+40.873592,-073.903154,36005,36005027300
4785,+40.840930,-073.822121,36005,36005027401
3386,+40.843079,-073.817863,36005,36005027402
473,+40.857929,-073.821896,36005,36005027600
5065,+40.878494,-073.901294,36005,36005027700
6966,+40.882535,-073.896800,36005,36005027900
3794,+40.883884,-073.891079,36005,36005028100
3149,+40.879110,-073.903913,36005,36005028300
894,+40.847658,-073.838891,36005,36005028400
3307,+40.886063,-073.903559,36005,36005028500
1191,+40.848758,-073.848491,36005,36005028600
3178,+40.882355,-073.904418,36005,36005028700
3097,+40.854539,-073.852133,36005,36005028800
4502,+40.879557,-073.906603,36005,36005028900
1875,+40.881760,-073.920972,36005,36005029301
5052,+40.879202,-073.916061,36005,36005029302
4240,+40.885333,-073.908222,36005,36005029500
2549,+40.855286,-073.843840,36005,36005029600
3554,+40.885274,-073.911666,36005,36005029700
5838,+40.852260,-073.831044,36005,36005030000
1304,+40.882701,-073.917926,36005,36005030100
8887,+40.864050,-073.822961,36005,36005030200
5378,+40.890294,-073.911206,36005,36005030701
3891,+40.897002,-073.913418,36005,36005030900
4415,+40.861112,-073.835934,36005,36005031000
1524,+40.862324,-073.842434,36005,36005031200
1966,+40.861571,-073.845412,36005,36005031400
1863,+40.862148,-073.848737,36005,36005031600
1810,+40.861887,-073.851570,36005,36005031800
751,+40.913123,-073.905790,36005,36005031900
4904,+40.905895,-073.906184,36005,36005032300
2957,+40.862694,-073.859651,36005,36005032400
3154,+40.862388,-073.855512,36005,36005032600
3979,+40.861189,-073.863344,36005,36005032800
5696,+40.860995,-073.866023,36005,36005033000
4115,+40.859539,-073.869538,36005,36005033201
4167,+40.863474,-073.868971,36005,36005033202
1351,+40.856461,-073.870621,36005,36005033400
2178,+40.890421,-073.904620,36005,36005033500
6188,+40.868228,-073.869206,36005,36005033600
2357,+40.908305,-073.901859,36005,36005033700
3818,+40.868838,-073.865500,36005,36005033800
4618,+40.868296,-073.863193,36005,36005034000
1675,+40.869064,-073.859848,36005,36005034200
1649,+40.909488,-073.897689,36005,36005034300
1736,+40.868252,-073.857128,36005,36005034400
3566,+40.904239,-073.898549,36005,36005034500
6129,+40.869368,-073.852840,36005,36005034800
1925,+40.868516,-073.848351,36005,36005035000
3186,+40.893943,-073.899142,36005,36005035100
2027,+40.868686,-073.838435,36005,36005035600
7166,+40.874126,-073.842681,36005,36005035800
2061,+40.840763,-073.883845,36005,36005035900
2706,+40.866880,-073.843712,36005,36005036000
6019,+40.842552,-073.879643,36005,36005036100
7509,+40.844802,-073.882167,36005,36005036300
2557,+40.873812,-073.848814,36005,36005036400
3965,+40.845378,-073.885729,36005,36005036501
2423,+40.842588,-073.887592,36005,36005036502
2599,+40.840531,-073.889449,36005,36005036700
2011,+40.875542,-073.856624,36005,36005036800
2005,+40.844631,-073.892018,36005,36005036901
2119,+40.842672,-073.893316,36005,36005036902
2303,+40.872972,-073.858904,36005,36005037000
4241,+40.847313,-073.887514,36005,36005037100
2222,+40.873024,-073.863650,36005,36005037200
5318,+40.848734,-073.890208,36005,36005037300
3441,+40.874760,-073.866295,36005,36005037400
3677,+40.849390,-073.893490,36005,36005037504
2148,+40.873652,-073.869116,36005,36005037600
3048,+40.879860,-073.867089,36005,36005037800
5093,+40.851734,-073.899289,36005,36005037900
4585,+40.878034,-073.862096,36005,36005038000
6382,+40.852732,-073.901135,36005,36005038100
2596,+40.877434,-073.854969,36005,36005038200
4797,+40.857271,-073.898443,36005,36005038301
6106,+40.857099,-073.895389,36005,36005038302
4758,+40.855699,-073.892396,36005,36005038500
7409,+40.878984,-073.848739,36005,36005038600
3216,+40.857030,-073.889100,36005,36005038700
2606,+40.879593,-073.855350,36005,36005038800
5325,+40.856116,-073.884717,36005,36005038900
2975,+40.881176,-073.860678,36005,36005039000
6992,+40.853294,-073.886953,36005,36005039100
1781,+40.883483,-073.864991,36005,36005039200
8143,+40.852385,-073.883315,36005,36005039300
4573,+40.886556,-073.863788,36005,36005039400
4146,+40.849265,-073.896596,36005,36005039500
3756,+40.884409,-073.858971,36005,36005039600
3702,+40.861104,-073.886101,36005,36005039700
3090,+40.882864,-073.853728,36005,36005039800
5228,+40.863576,-073.893297,36005,36005039901
5279,+40.860323,-073.895036,36005,36005039902
4593,+40.864320,-073.897390,36005,36005040100
4386,+40.867892,-073.892155,36005,36005040302
4478,+40.869692,-073.893539,36005,36005040303
3794,+40.867666,-073.895183,36005,36005040304
3016,+40.886089,-073.851403,36005,36005040400
4397,+40.867133,-073.891106,36005,36005040501
6863,+40.865754,-073.889225,36005,36005040502
3490,+40.888052,-073.857033,36005,36005040600
3347,+40.871474,-073.890299,36005,36005040701
6652,+40.869481,-073.887377,36005,36005040702
4263,+40.889930,-073.861905,36005,36005040800
3637,+40.878475,-073.888313,36005,36005040900
2931,+40.875404,-073.887201,36005,36005041100
7384,+40.873857,-073.885265,36005,36005041300
5027,+40.903050,-073.853285,36005,36005041400
5461,+40.869976,-073.883568,36005,36005041500
3598,+40.896736,-073.857528,36005,36005041800
6734,+40.877248,-073.881139,36005,36005041900
3850,+40.893073,-073.859367,36005,36005042000
5922,+40.881750,-073.882253,36005,36005042100
3086,+40.891032,-073.855442,36005,36005042200
4100,+40.876853,-073.877160,36005,36005042300
2481,+40.889247,-073.849513,36005,36005042400
6793,+40.871806,-073.878479,36005,36005042500
6387,+40.890947,-073.841769,36005,36005042600
2173,+40.894331,-073.845683,36005,36005042800
3420,+40.874589,-073.875309,36005,36005042901
3845,+40.877243,-073.874139,36005,36005042902
2898,+40.893397,-073.850751,36005,36005043000
9680,+40.881845,-073.877045,36005,36005043100
3592,+40.896715,-073.853726,36005,36005043400
39,+40.887713,-073.867058,36005,36005043500
2032,+40.897351,-073.849718,36005,36005043600
3555,+40.904236,-073.846445,36005,36005044200
3878,+40.899552,-073.844674,36005,36005044400
2026,+40.895451,-073.841344,36005,36005044800
1818,+40.897441,-073.873362,36005,36005044901
1949,+40.898835,-073.869070,36005,36005044902
1656,+40.897735,-073.864431,36005,36005045101
1894,+40.900575,-073.864684,36005,36005045102
2896,+40.890172,-073.828492,36005,36005045600
6123,+40.885903,-073.845210,36005,36005045800
2741,+40.882181,-073.843185,36005,36005046000
26588,+40.875212,-073.828532,36005,36005046201
8277,+40.877999,-073.835716,36005,36005046202
3598,+40.885661,-073.835151,36005,36005048400
39,+40.868858,-073.776389,36005,36005050400
4362,+40.846946,-073.786788,36005,36005051600
4338,+40.699527,-073.993088,36047,36047000100
1470,+40.651961,-074.011567,36047,36047000200
4259,+40.696501,-073.996338,36047,36047000301
4247,+40.696483,-073.994382,36047,36047000501
2512,+40.695124,-073.993063,36047,36047000502
3359,+40.692330,-073.996669,36047,36047000700
4172,+40.691228,-073.991482,36047,36047000900
84,+40.692316,-073.986893,36047,36047001100
2275,+40.698370,-073.987694,36047,36047001300
3521,+40.694450,-073.982587,36047,36047001500
2105,+40.659984,-074.003867,36047,36047001800
1672,+40.647595,-074.016564,36047,36047002000
3604,+40.702634,-073.988025,36047,36047002100
4613,+40.643363,-074.021297,36047,36047002200
4247,+40.700152,-073.982514,36047,36047002300
3218,+40.695056,-073.978323,36047,36047002901
1730,+40.638476,-074.029307,36047,36047003000
2472,+40.692266,-073.979616,36047,36047003100
2327,+40.688589,-073.977353,36047,36047003300
3047,+40.637292,-074.034060,36047,36047003400
1554,+40.685683,-073.975653,36047,36047003500
3804,+40.634625,-074.030857,36047,36047003600
390,+40.689246,-073.984537,36047,36047003700
1498,+40.634451,-074.035093,36047,36047003800
2229,+40.685186,-073.980995,36047,36047003900
3598,+40.686708,-073.985136,36047,36047004100
3008,+40.688045,-073.989634,36047,36047004300
2359,+40.630907,-074.034506,36047,36047004400
3325,+40.688212,-073.995237,36047,36047004500
1199,+40.626827,-074.033259,36047,36047004600
1445,+40.687052,-074.000877,36047,36047004700
2516,+40.687656,-073.998635,36047,36047004900
2276,+40.623782,-074.037263,36047,36047005000
2171,+40.683553,-074.003399,36047,36047005100
1829,+40.621677,-074.038588,36047,36047005201
2481,+40.619610,-074.038477,36047,36047005202
1888,+40.676691,-074.012951,36047,36047005300
3139,+40.617107,-074.035204,36047,36047005400
2505,+40.615382,-074.034784,36047,36047005601
1586,+40.613316,-074.034788,36047,36047005602
3152,+40.619164,-074.032372,36047,36047005800
1384,+40.678348,-074.006685,36047,36047005900
2826,+40.622117,-074.031389,36047,36047006000
2853,+40.624533,-074.029941,36047,36047006200
1892,+40.682777,-074.000934,36047,36047006300
3478,+40.628723,-074.028647,36047,36047006400
5191,+40.679317,-073.999358,36047,36047006500
3663,+40.632182,-074.027603,36047,36047006600
3301,+40.684081,-073.997389,36047,36047006700
4870,+40.635272,-074.025942,36047,36047006800
3537,+40.685272,-073.991552,36047,36047006900
2344,+40.638118,-074.024970,36047,36047007000
4495,+40.683633,-073.987830,36047,36047007100
1946,+40.640364,-074.020278,36047,36047007200
5451,+40.641916,-074.016923,36047,36047007400
4383,+40.681608,-073.992614,36047,36047007500
4412,+40.644123,-074.014800,36047,36047007600
3901,+40.677758,-073.995528,36047,36047007700
5068,+40.646391,-074.012274,36047,36047007800
4169,+40.648384,-074.009799,36047,36047008000
4141,+40.650695,-074.007531,36047,36047008200
3299,+40.653935,-074.004343,36047,36047008400
6956,+40.675561,-074.006408,36047,36047008500
0,+40.647976,-074.003743,36047,36047008600
3207,+40.649628,-074.002337,36047,36047008800
2994,+40.646751,-073.997938,36047,36047009000
5388,+40.645135,-073.999002,36047,36047009200
5805,+40.643359,-074.001468,36047,36047009400
6126,+40.645996,-074.005704,36047,36047009600
7024,+40.643895,-074.008121,36047,36047009800
6737,+40.641500,-074.010495,36047,36047010000
4093,+40.657697,-074.000186,36047,36047010100
5622,+40.639379,-074.012441,36047,36047010200
5908,+40.636661,-074.008422,36047,36047010400
5851,+40.638948,-074.006168,36047,36047010600
5280,+40.640993,-074.003827,36047,36047010800
2441,+40.644174,-073.993019,36047,36047011000
6436,+40.642518,-073.995917,36047,36047011200
3976,+40.639449,-073.999324,36047,36047011400
4816,+40.635632,-074.003949,36047,36047011600
2364,+40.668034,-073.992632,36047,36047011700
2253,+40.636221,-074.011862,36047,36047011800
1530,+40.676802,-073.986233,36047,36047011900
1268,+40.632501,-074.009395,36047,36047012000
1619,+40.671273,-073.990723,36047,36047012100
5339,+40.638810,-074.017478,36047,36047012200
2652,+40.634497,-074.019883,36047,36047012600
3507,+40.682060,-073.982572,36047,36047012700
2117,+40.630606,-074.013849,36047,36047012801
2159,+40.681558,-073.978638,36047,36047012901
1964,+40.680123,-073.976400,36047,36047012902
4792,+40.632642,-074.021533,36047,36047013000
3828,+40.677721,-073.979685,36047,36047013100
2239,+40.628893,-074.014882,36047,36047013200
3730,+40.675175,-073.981156,36047,36047013300
3907,+40.629814,-074.021119,36047,36047013400
3596,+40.672797,-073.983029,36047,36047013500
3927,+40.627145,-074.023426,36047,36047013600
3057,+40.670425,-073.985182,36047,36047013700
3168,+40.624256,-074.025466,36047,36047013800
3481,+40.667935,-073.987522,36047,36047013900
1826,+40.620912,-074.019571,36047,36047014000
3017,+40.665388,-073.989291,36047,36047014100
3223,+40.622659,-074.023371,36047,36047014200
3487,+40.663381,-073.992621,36047,36047014300
4179,+40.661360,-073.995102,36047,36047014500
2084,+40.659578,-073.989924,36047,36047014700
1209,+40.616787,-074.012878,36047,36047014800
4976,+40.662549,-073.985051,36047,36047014900
1574,+40.615524,-074.010606,36047,36047015000
3578,+40.665554,-073.982592,36047,36047015100
2309,+40.616141,-074.024043,36047,36047015200
3041,+40.668041,-073.980630,36047,36047015300
0,+40.611183,-074.018907,36047,36047015400
3272,+40.670536,-073.978664,36047,36047015500
4135,+40.672971,-073.976281,36047,36047015700
5036,+40.675438,-073.973698,36047,36047015900
4217,+40.618486,-074.026989,36047,36047016000
3075,+40.679558,-073.973336,36047,36047016100
2082,+40.614054,-074.031161,36047,36047016200
2991,+40.678126,-073.970368,36047,36047016300
764,+40.606945,-074.027657,36047,36047016400
5141,+40.670098,-073.973942,36047,36047016500
2059,+40.618670,-074.016299,36047,36047016600
4638,+40.664285,-073.978784,36047,36047016700
1510,+40.604665,-074.015246,36047,36047016800
4497,+40.659503,-073.981384,36047,36047016900
3254,+40.610150,-074.012579,36047,36047017000
3749,+40.657146,-073.976802,36047,36047017100
2931,+40.608628,-074.010546,36047,36047017200
1793,+40.604302,-074.011358,36047,36047017400
5,+40.652141,-073.990253,36047,36047017500
2295,+40.602991,-074.008576,36047,36047017600
0,+40.659427,-073.969558,36047,36047017700
2898,+40.606988,-074.004864,36047,36047017800
3624,+40.684165,-073.971237,36047,36047017900
3193,+40.608166,-074.007348,36047,36047018000
3936,+40.687904,-073.972700,36047,36047018100
3163,+40.612346,-074.002764,36047,36047018200
2500,+40.691629,-073.971585,36047,36047018300
2002,+40.613642,-074.007149,36047,36047018400
3827,+40.694708,-073.974254,36047,36047018501
2124,+40.615625,-074.005080,36047,36047018600
1411,+40.694442,-073.970436,36047,36047018700
2640,+40.617397,-074.002852,36047,36047018800
4782,+40.621467,-074.000359,36047,36047019000
2332,+40.694731,-073.965377,36047,36047019100
2772,+40.628850,-073.999002,36047,36047019200
5628,+40.691228,-073.962328,36047,36047019300
3305,+40.625570,-074.000897,36047,36047019400
3366,+40.691743,-073.967638,36047,36047019500
4353,+40.623505,-074.004055,36047,36047019600
3313,+40.687964,-073.966613,36047,36047019700
1702,+40.619361,-074.006615,36047,36047019800
2929,+40.684491,-073.967126,36047,36047019900
2265,+40.620885,-074.008615,36047,36047020000
3421,+40.683983,-073.963628,36047,36047020100
1874,+40.622248,-074.010783,36047,36047020200
1697,+40.679868,-073.964906,36047,36047020300
1708,+40.623473,-074.013096,36047,36047020400
2469,+40.677319,-073.965722,36047,36047020500
2220,+40.625181,-074.015068,36047,36047020600
4310,+40.674862,-073.966681,36047,36047020700
3048,+40.626009,-074.009723,36047,36047020800
3968,+40.627781,-074.008377,36047,36047021000
1210,+40.697047,-073.974701,36047,36047021100
4643,+40.629492,-074.005770,36047,36047021200
4205,+40.668048,-073.960297,36047,36047021300
2152,+40.631854,-074.002483,36047,36047021400
5307,+40.673123,-073.964015,36047,36047021500
4015,+40.632973,-073.999882,36047,36047021600
3597,+40.672696,-073.959061,36047,36047021700
3761,+40.634422,-073.997969,36047,36047021800
3595,+40.672150,-073.955235,36047,36047021900
4939,+40.636253,-073.995473,36047,36047022000
3609,+40.676305,-073.954330,36047,36047022100
4693,+40.638129,-073.992910,36047,36047022200
5486,+40.640399,-073.990254,36047,36047022400
2516,+40.642401,-073.987327,36047,36047022600
3454,+40.681533,-073.957029,36047,36047022700
3306,+40.639393,-073.981121,36047,36047022800
3395,+40.685153,-073.956750,36047,36047022900
4515,+40.637818,-073.984240,36047,36047023000
3025,+40.686057,-073.960944,36047,36047023100
5699,+40.636223,-073.986408,36047,36047023200
5061,+40.689233,-073.957870,36047,36047023300
5059,+40.634012,-073.988222,36047,36047023400
3928,+40.692550,-073.957810,36047,36047023500
5600,+40.632237,-073.989993,36047,36047023600
4590,+40.630501,-073.991344,36047,36047023800
4693,+40.628680,-073.992873,36047,36047024000
2229,+40.691838,-073.954246,36047,36047024100
2984,+40.626073,-073.992886,36047,36047024200
3786,+40.687422,-073.952844,36047,36047024300
3238,+40.621752,-073.986135,36047,36047024400
3946,+40.682853,-073.951872,36047,36047024500
3256,+40.618295,-073.981273,36047,36047024600
2316,+40.679418,-073.949120,36047,36047024700
2698,+40.621017,-073.989546,36047,36047024800
3823,+40.683105,-073.948397,36047,36047024900
1722,+40.622674,-073.996092,36047,36047025000
3816,+40.687762,-073.949369,36047,36047025100
4786,+40.619978,-073.992386,36047,36047025200
2754,+40.693362,-073.950481,36047,36047025300
3500,+40.616875,-073.984168,36047,36047025400
5102,+40.697539,-073.951315,36047,36047025500
3058,+40.615211,-073.986052,36047,36047025600
2131,+40.698342,-073.946806,36047,36047025700
4597,+40.613396,-073.987410,36047,36047025800
2010,+40.695094,-073.945700,36047,36047025901
3419,+40.696966,-073.945154,36047,36047025902
3649,+40.616842,-073.992317,36047,36047026000
4917,+40.692381,-073.945785,36047,36047026100
2374,+40.619017,-073.997018,36047,36047026200
1868,+40.689210,-073.944873,36047,36047026300
4592,+40.614809,-073.997553,36047,36047026400
3838,+40.687060,-073.944424,36047,36047026500
3733,+40.612620,-073.990253,36047,36047026600
3920,+40.684023,-073.943983,36047,36047026700
4188,+40.610402,-073.990255,36047,36047026800
2770,+40.681151,-073.943115,36047,36047026900
2449,+40.605785,-073.989870,36047,36047027000
2471,+40.678923,-073.938730,36047,36047027100
3480,+40.608259,-073.992671,36047,36047027200
2813,+40.680976,-073.937450,36047,36047027300
3028,+40.611042,-073.995425,36047,36047027400
4180,+40.683909,-073.938332,36047,36047027500
3694,+40.611216,-073.999171,36047,36047027600
3945,+40.687012,-073.938677,36047,36047027700
3220,+40.607183,-074.000829,36047,36047027800
3674,+40.689780,-073.939266,36047,36047027900
1761,+40.602144,-074.005614,36047,36047028000
4193,+40.692876,-073.939293,36047,36047028100
2943,+40.600781,-074.004058,36047,36047028200
4097,+40.695284,-073.940315,36047,36047028300
4003,+40.605879,-073.998712,36047,36047028400
428,+40.699108,-073.940342,36047,36047028501
2802,+40.697460,-073.940804,36047,36047028502
4814,+40.599506,-074.001728,36047,36047028600
2991,+40.695227,-073.935360,36047,36047028700
3458,+40.604451,-073.996621,36047,36047028800
3538,+40.693104,-073.933069,36047,36047028900
3920,+40.603366,-073.994106,36047,36047029000
3101,+40.690206,-073.933729,36047,36047029100
2539,+40.599317,-073.998267,36047,36047029200
3106,+40.687453,-073.933001,36047,36047029300
2321,+40.596482,-073.997156,36047,36047029400
3425,+40.684548,-073.932342,36047,36047029500
5546,+40.600904,-073.993159,36047,36047029600
3344,+40.681100,-073.931364,36047,36047029700
3717,+40.600930,-073.988014,36047,36047029800
2579,+40.678056,-073.925843,36047,36047029900
4120,+40.597687,-073.989143,36047,36047030000
2750,+40.677483,-073.915010,36047,36047030100
4214,+40.595614,-073.990488,36047,36047030200
4458,+40.675132,-073.917464,36047,36047030300
4281,+40.593413,-073.993082,36047,36047030400
5549,+40.676415,-073.959384,36047,36047030500
2005,+40.590660,-073.986269,36047,36047030600
4544,+40.675362,-073.925235,36047,36047030700
1949,+40.585879,-073.984652,36047,36047030800
1754,+40.675865,-073.933270,36047,36047030900
2833,+40.676235,-073.939307,36047,36047031100
4648,+40.676349,-073.944478,36047,36047031300
4544,+40.588101,-073.989091,36047,36047031400
5175,+40.676757,-073.949865,36047,36047031500
3433,+40.673938,-073.949920,36047,36047031701
3363,+40.671257,-073.950408,36047,36047031702
3508,+40.667196,-073.949281,36047,36047031900
5001,+40.666698,-073.952176,36047,36047032100
3554,+40.666838,-073.954928,36047,36047032300
6405,+40.666631,-073.957719,36047,36047032500
6948,+40.575935,-073.988969,36047,36047032600
2924,+40.662344,-073.958745,36047,36047032700
3138,+40.576310,-073.998168,36047,36047032800
5582,+40.663230,-073.948016,36047,36047032900
4587,+40.578934,-074.000911,36047,36047033000
4520,+40.664021,-073.941092,36047,36047033100
4085,+40.665858,-073.941999,36047,36047033300
3139,+40.667493,-073.941392,36047,36047033500
4759,+40.577230,-074.007064,36047,36047033600
4105,+40.669432,-073.941923,36047,36047033700
4376,+40.671212,-073.941545,36047,36047033900
2248,+40.572210,-073.995852,36047,36047034000
2607,+40.673493,-073.945100,36047,36047034100
6502,+40.574108,-073.996998,36047,36047034200
5281,+40.673838,-073.938499,36047,36047034300
2647,+40.672692,-073.933002,36047,36047034500
3228,+40.672445,-073.928022,36047,36047034700
2537,+40.579465,-073.982126,36047,36047034800
5403,+40.668163,-073.929769,36047,36047034900
3296,+40.577754,-073.977867,36047,36047035000
4597,+40.668526,-073.932538,36047,36047035100
1246,+40.572872,-073.990155,36047,36047035200
5161,+40.668849,-073.935288,36047,36047035300
6271,+40.578125,-073.974083,36047,36047035400
5253,+40.664444,-073.933338,36047,36047035500
2912,+40.580930,-073.969682,36047,36047035601
5271,+40.578115,-073.970043,36047,36047035602
2506,+40.669957,-073.926836,36047,36047035700
5685,+40.670429,-073.923863,36047,36047035900
3217,+40.575950,-073.965631,36047,36047036001
3930,+40.576441,-073.961324,36047,36047036002
2608,+40.669767,-073.919853,36047,36047036100
4204,+40.578273,-073.963446,36047,36047036200
4108,+40.672134,-073.917278,36047,36047036300
2405,+40.580324,-073.963709,36047,36047036400
2624,+40.675240,-073.911773,36047,36047036501
1255,+40.675019,-073.907035,36047,36047036502
4767,+40.582386,-073.963556,36047,36047036600
1305,+40.677357,-073.906117,36047,36047036700
4923,+40.679600,-073.909236,36047,36047036900
4085,+40.588063,-073.962768,36047,36047037000
4120,+40.680338,-073.914006,36047,36047037100
3784,+40.683788,-073.915243,36047,36047037300
4301,+40.587820,-073.967765,36047,36047037401
4573,+40.586480,-073.971725,36047,36047037402
2910,+40.687273,-073.921443,36047,36047037500
3660,+40.683910,-073.920140,36047,36047037700
3706,+40.680729,-073.919196,36047,36047037900
4763,+40.681180,-073.925026,36047,36047038100
5943,+40.591714,-073.981535,36047,36047038200
3931,+40.684615,-073.926200,36047,36047038300
3422,+40.687500,-073.927026,36047,36047038500
3477,+40.592262,-073.975094,36047,36047038600
4010,+40.690546,-073.928092,36047,36047038700
3841,+40.592822,-073.969023,36047,36047038800
2773,+40.699448,-073.937169,36047,36047038900
2282,+40.592836,-073.964264,36047,36047039000
2303,+40.699378,-073.933711,36047,36047039100
2756,+40.595666,-073.963067,36047,36047039200
3549,+40.695625,-073.930112,36047,36047039300
2441,+40.598575,-073.964671,36047,36047039400
3380,+40.693014,-073.924655,36047,36047039500
2126,+40.597221,-073.969703,36047,36047039600
3389,+40.688888,-073.919033,36047,36047039700
2644,+40.595441,-073.976305,36047,36047039800
3823,+40.690160,-073.917424,36047,36047039900
3069,+40.597737,-073.976669,36047,36047040000
3518,+40.686510,-073.912879,36047,36047040100
2740,+40.596411,-073.982425,36047,36047040200
3538,+40.684409,-073.908813,36047,36047040300
2551,+40.602023,-073.985323,36047,36047040400
1480,+40.681901,-073.905549,36047,36047040500
3184,+40.600409,-073.982144,36047,36047040600
14,+40.684302,-073.901218,36047,36047040700
3566,+40.601188,-073.979213,36047,36047040800
3752,+40.691586,-073.905287,36047,36047040900
1773,+40.601074,-073.975806,36047,36047041000
3302,+40.687999,-073.907359,36047,36047041100
2929,+40.604581,-073.974402,36047,36047041200
3822,+40.690078,-073.910686,36047,36047041300
1351,+40.601701,-073.971107,36047,36047041401
1612,+40.603181,-073.967949,36047,36047041402
4064,+40.691779,-073.914140,36047,36047041500
2324,+40.602094,-073.963481,36047,36047041600
3609,+40.693752,-073.918148,36047,36047041700
2359,+40.605423,-073.964906,36047,36047041800
3770,+40.695350,-073.920999,36047,36047041900
1896,+40.609432,-073.964480,36047,36047042000
3920,+40.697007,-073.924101,36047,36047042100
3568,+40.607028,-073.969810,36047,36047042200
4217,+40.698929,-073.927205,36047,36047042300
3666,+40.606635,-073.976325,36047,36047042400
3042,+40.701419,-073.929886,36047,36047042500
4135,+40.605766,-073.980242,36047,36047042600
5074,+40.703614,-073.926787,36047,36047042700
3857,+40.605980,-073.984344,36047,36047042800
5630,+40.701500,-073.923345,36047,36047042900
3333,+40.609450,-073.983525,36047,36047043000
5113,+40.700126,-073.919837,36047,36047043100
4250,+40.610731,-073.980744,36047,36047043200
4064,+40.697970,-073.915774,36047,36047043300
3433,+40.610068,-073.976741,36047,36047043400
4463,+40.695143,-073.912159,36047,36047043500
4160,+40.613133,-073.977909,36047,36047043600
5240,+40.693351,-073.908316,36047,36047043700
2481,+40.610384,-073.970810,36047,36047043800
3829,+40.697639,-073.909803,36047,36047043900
2880,+40.613062,-073.971101,36047,36047044000
5643,+40.701570,-073.914167,36047,36047044100
2658,+40.612342,-073.965488,36047,36047044200
5557,+40.703190,-073.916617,36047,36047044300
3336,+40.615731,-073.969795,36047,36047044400
4446,+40.705014,-073.919604,36047,36047044500
1909,+40.615038,-073.975851,36047,36047044600
2310,+40.706773,-073.922082,36047,36047044700
1915,+40.618389,-073.971338,36047,36047044800
2932,+40.718635,-073.938411,36047,36047044900
673,+40.622664,-073.973727,36047,36047045000
2701,+40.619807,-073.968131,36047,36047045200
2017,+40.706308,-073.929283,36047,36047045300
1852,+40.618492,-073.964974,36047,36047045400
2357,+40.626990,-073.966881,36047,36047045600
1490,+40.626536,-073.969194,36047,36047045800
3729,+40.630817,-073.967575,36047,36047046000
2632,+40.627881,-073.973148,36047,36047046201
1803,+40.624795,-073.973839,36047,36047046202
2838,+40.624534,-073.978745,36047,36047046400
2054,+40.621230,-073.980838,36047,36047046800
2886,+40.625519,-073.986638,36047,36047047000
3141,+40.626707,-073.983462,36047,36047047200
2969,+40.628675,-073.982179,36047,36047047400
3646,+40.630748,-073.980676,36047,36047047600
3318,+40.717713,-073.941645,36047,36047047700
4848,+40.633299,-073.979094,36047,36047047800
3769,+40.630159,-073.974485,36047,36047048000
2778,+40.713799,-073.938701,36047,36047048100
5331,+40.633141,-073.969575,36047,36047048200
5481,+40.634241,-073.973853,36047,36047048400
2510,+40.706004,-073.936444,36047,36047048500
3568,+40.639376,-073.978387,36047,36047048600
4395,+40.640326,-073.975925,36047,36047048800
4039,+40.702822,-073.939219,36047,36047048900
5899,+40.638245,-073.972890,36047,36047049000
6418,+40.704015,-073.944858,36047,36047049100
3495,+40.640574,-073.970284,36047,36047049200
7625,+40.707670,-073.941331,36047,36047049300
5308,+40.642868,-073.973819,36047,36047049400
2603,+40.712231,-073.943222,36047,36047049500
4513,+40.643706,-073.980612,36047,36047049600
2645,+40.716262,-073.944709,36047,36047049700
4232,+40.645320,-073.982375,36047,36047049800
1753,+40.721301,-073.946664,36047,36047049900
3474,+40.647892,-073.977324,36047,36047050000
2786,+40.715383,-073.948439,36047,36047050100
2201,+40.653670,-073.974887,36047,36047050202
2582,+40.712016,-073.947419,36047,36047050300
4527,+40.648377,-073.973511,36047,36047050400
4163,+40.708012,-073.945183,36047,36047050500
6016,+40.649005,-073.966794,36047,36047050600
2288,+40.702143,-073.946773,36047,36047050700
4080,+40.651251,-073.960842,36047,36047050801
2464,+40.653742,-073.960723,36047,36047050803
6250,+40.652693,-073.963569,36047,36047050804
3694,+40.703263,-073.950890,36047,36047050900
3926,+40.646109,-073.960090,36047,36047051001
4725,+40.648619,-073.960925,36047,36047051002
3933,+40.707292,-073.948917,36047,36047051100
6398,+40.646337,-073.962831,36047,36047051200
4332,+40.711044,-073.951402,36047,36047051300
7366,+40.642485,-073.961066,36047,36047051400
1372,+40.718257,-073.950401,36047,36047051500
5732,+40.638617,-073.957002,36047,36047051601
4028,+40.641592,-073.958185,36047,36047051602
1735,+40.719561,-073.956352,36047,36047051700
3415,+40.636612,-073.960656,36047,36047051800
3564,+40.715381,-073.955355,36047,36047051900
4228,+40.636884,-073.964388,36047,36047052000
5469,+40.711739,-073.958537,36047,36047052300
3499,+40.708342,-073.960533,36047,36047052500
4357,+40.636493,-073.966646,36047,36047052600
6629,+40.708525,-073.953446,36047,36047052700
1818,+40.630535,-073.963071,36047,36047052800
3979,+40.705798,-073.954493,36047,36047052900
3465,+40.627446,-073.963430,36047,36047053000
7027,+40.700610,-073.953573,36047,36047053100
2579,+40.626594,-073.960527,36047,36047053200
6566,+40.703627,-073.957167,36047,36047053300
4383,+40.622640,-073.962603,36047,36047053400
4348,+40.706154,-073.960963,36047,36047053500
3575,+40.700303,-073.958999,36047,36047053700
4473,+40.618149,-073.956687,36047,36047053800
2756,+40.703181,-073.962324,36047,36047053900
4450,+40.612745,-073.960880,36047,36047054200
327,+40.696905,-073.967677,36047,36047054300
3406,+40.612985,-073.956946,36047,36047054400
8008,+40.705333,-073.965192,36047,36047054500
4346,+40.613077,-073.953323,36047,36047054600
5245,+40.708490,-073.965754,36047,36047054700
1989,+40.610114,-073.948663,36047,36047054800
3122,+40.710675,-073.965495,36047,36047054900
3551,+40.608671,-073.952849,36047,36047055000
4597,+40.713182,-073.962711,36047,36047055100
3498,+40.608145,-073.955852,36047,36047055200
2596,+40.716429,-073.959186,36047,36047055300
4216,+40.607458,-073.959934,36047,36047055400
1959,+40.717916,-073.962419,36047,36047055500
3712,+40.603614,-073.959604,36047,36047055600
1655,+40.720622,-073.959498,36047,36047055700
2390,+40.603558,-073.955201,36047,36047055800
3493,+40.604250,-073.951862,36047,36047056000
3295,+40.726784,-073.954484,36047,36047056100
1654,+40.604440,-073.947454,36047,36047056200
4360,+40.734035,-073.957075,36047,36047056300
2451,+40.606777,-073.943232,36047,36047056400
3255,+40.730507,-073.956322,36047,36047056500
2419,+40.602897,-073.941832,36047,36047056600
1314,+40.602560,-073.937771,36047,36047056800
1630,+40.724070,-073.951371,36047,36047056900
3384,+40.599143,-073.936558,36047,36047057000
4400,+40.724836,-073.947464,36047,36047057100
5443,+40.596287,-073.938209,36047,36047057200
2608,+40.727589,-073.949251,36047,36047057300
2657,+40.601224,-073.944363,36047,36047057400
4249,+40.732210,-073.953210,36047,36047057500
2918,+40.599983,-073.947634,36047,36047057600
3176,+40.599299,-073.951499,36047,36047057800
1117,+40.735794,-073.953258,36047,36047057900
3365,+40.599043,-073.955428,36047,36047058000
2967,+40.598551,-073.959229,36047,36047058200
3620,+40.593825,-073.958200,36047,36047058400
2519,+40.594591,-073.954808,36047,36047058600
3245,+40.589338,-073.958054,36047,36047058800
1904,+40.726674,-073.943536,36047,36047058900
1899,+40.590160,-073.955016,36047,36047059000
3920,+40.723386,-073.942693,36047,36047059100
3870,+40.592658,-073.951147,36047,36047059200
2228,+40.724962,-073.939160,36047,36047059300
7628,+40.592923,-073.947921,36047,36047059401
4551,+40.594464,-073.942993,36047,36047059402
2306,+40.591183,-073.939609,36047,36047059600
3427,+40.588016,-073.936796,36047,36047059800
6067,+40.586934,-073.945629,36047,36047060000
2555,+40.586499,-073.956620,36047,36047060600
3574,+40.584034,-073.951566,36047,36047060800
4508,+40.576679,-073.956525,36047,36047061002
1984,+40.581375,-073.958747,36047,36047061003
6447,+40.579491,-073.955649,36047,36047061004
1076,+40.580722,-073.950023,36047,36047061200
1656,+40.577665,-073.943349,36047,36047061600
1850,+40.578822,-073.946744,36047,36047062000
3252,+40.584677,-073.934362,36047,36047062200
2788,+40.593304,-073.934875,36047,36047062600
5226,+40.590880,-073.926042,36047,36047062800
1447,+40.600116,-073.931840,36047,36047063200
1236,+40.610024,-073.936137,36047,36047063600
1524,+40.606578,-073.938893,36047,36047063800
1599,+40.611158,-073.939997,36047,36047064000
2518,+40.612701,-073.946306,36047,36047064200
2528,+40.614260,-073.942335,36047,36047064400
2189,+40.616082,-073.939869,36047,36047064600
1945,+40.617815,-073.936766,36047,36047064800
1389,+40.620090,-073.933326,36047,36047065000
1232,+40.614667,-073.930147,36047,36047065200
1607,+40.612818,-073.931694,36047,36047065400
1708,+40.613002,-073.934923,36047,36047065600
1762,+40.608060,-073.931262,36047,36047065800
1773,+40.609028,-073.928098,36047,36047066000
1411,+40.609377,-073.925283,36047,36047066200
0,+40.585061,-073.918468,36047,36047066600
2680,+40.612727,-073.922382,36047,36047067000
1422,+40.619826,-073.928200,36047,36047067200
1964,+40.620063,-073.930225,36047,36047067400
1657,+40.625101,-073.926977,36047,36047067600
2660,+40.626236,-073.922675,36047,36047067800
1809,+40.621316,-073.925021,36047,36047068000
2432,+40.616552,-073.924131,36047,36047068200
1533,+40.614580,-073.917500,36047,36047068600
1614,+40.617230,-073.919194,36047,36047068800
1791,+40.619960,-073.920908,36047,36047069000
2392,+40.623546,-073.920163,36047,36047069200
3780,+40.626196,-073.914654,36047,36047069601
5995,+40.622450,-073.910752,36047,36047069602
1277,+40.616378,-073.913980,36047,36047069800
1703,+40.619901,-073.906845,36047,36047070000
6573,+40.608667,-073.910080,36047,36047070201
37,+40.597740,-073.900383,36047,36047070202
0,+40.609131,-073.865840,36047,36047070203
2700,+40.616607,-073.902668,36047,36047070600
2167,+40.628097,-073.919930,36047,36047072000
2655,+40.631914,-073.924419,36047,36047072200
1755,+40.634172,-073.925745,36047,36047072400
2093,+40.631798,-073.933543,36047,36047072600
3193,+40.629484,-073.926669,36047,36047072800
1979,+40.625992,-073.930289,36047,36047073000
2096,+40.627897,-073.933891,36047,36047073200
1889,+40.627548,-073.937218,36047,36047073400
3368,+40.624274,-073.935799,36047,36047073600
3225,+40.622437,-073.939307,36047,36047073800
3531,+40.627376,-073.941479,36047,36047074000
3292,+40.626739,-073.944986,36047,36047074200
2492,+40.622458,-073.943132,36047,36047074400
2003,+40.618899,-073.941741,36047,36047074600
2012,+40.622137,-073.946645,36047,36047074800
3029,+40.626636,-073.948541,36047,36047075000
1130,+40.626140,-073.952487,36047,36047075200
1488,+40.621514,-073.950687,36047,36047075400
1993,+40.616477,-073.947812,36047,36047075600
1816,+40.616456,-073.952582,36047,36047075800
2776,+40.621591,-073.955392,36047,36047076000
4235,+40.625681,-073.956573,36047,36047076200
3487,+40.631875,-073.958279,36047,36047076400
2061,+40.633010,-073.957101,36047,36047076600
3407,+40.618180,-073.961326,36047,36047076800
2722,+40.635772,-073.952809,36047,36047077000
3394,+40.632121,-073.953628,36047,36047077200
2881,+40.630828,-073.947786,36047,36047077400
3806,+40.630845,-073.942348,36047,36047077600
2092,+40.634417,-073.939137,36047,36047078000
3864,+40.637829,-073.942719,36047,36047078200
2348,+40.634150,-073.942910,36047,36047078400
4256,+40.634248,-073.946902,36047,36047078600
3422,+40.637456,-073.948203,36047,36047078800
5094,+40.640856,-073.953519,36047,36047079000
4372,+40.644547,-073.954383,36047,36047079200
1864,+40.648070,-073.954479,36047,36047079400
4413,+40.656549,-073.958255,36047,36047079601
4814,+40.652886,-073.957696,36047,36047079602
3037,+40.660386,-073.958755,36047,36047079801
5451,+40.658263,-073.961446,36047,36047079802
3487,+40.660840,-073.953327,36047,36047080000
4304,+40.657726,-073.953295,36047,36047080200
3250,+40.659692,-073.949067,36047,36047080400
3386,+40.661666,-073.943481,36047,36047080600
1197,+40.657844,-073.939128,36047,36047080800
2300,+40.659333,-073.944458,36047,36047081000
2635,+40.653569,-073.940215,36047,36047081400
2791,+40.652767,-073.944065,36047,36047081600
4551,+40.652956,-073.948002,36047,36047081800
5281,+40.653492,-073.951314,36047,36047082000
7280,+40.653487,-073.954449,36047,36047082200
4730,+40.648779,-073.948922,36047,36047082400
5513,+40.645010,-073.948962,36047,36047082600
3814,+40.641223,-073.949563,36047,36047082800
5997,+40.640403,-073.945367,36047,36047083000
2289,+40.641690,-073.941675,36047,36047083200
1701,+40.641517,-073.938520,36047,36047083400
1929,+40.638241,-073.935148,36047,36047083600
2189,+40.641887,-073.935024,36047,36047083800
2412,+40.641931,-073.931629,36047,36047084000
1963,+40.642352,-073.927362,36047,36047084600
1750,+40.646465,-073.927662,36047,36047084800
1374,+40.645550,-073.932750,36047,36047085000
29,+40.646987,-073.938107,36047,36047085200
2052,+40.644730,-073.943052,36047,36047085400
3608,+40.648500,-073.944931,36047,36047085600
2434,+40.650226,-073.939477,36047,36047085800
3426,+40.650083,-073.933113,36047,36047086000
2996,+40.650277,-073.928229,36047,36047086200
2231,+40.654579,-073.924361,36047,36047086400
3149,+40.656151,-073.926759,36047,36047086600
3156,+40.654290,-073.929539,36047,36047086800
3204,+40.654090,-073.933381,36047,36047087000
2868,+40.653646,-073.936609,36047,36047087200
3142,+40.660309,-073.938442,36047,36047087401
1742,+40.660935,-073.935725,36047,36047087600
3006,+40.658481,-073.930294,36047,36047087800
2863,+40.661489,-073.931298,36047,36047088000
6740,+40.660534,-073.925919,36047,36047088200
5236,+40.662314,-073.924610,36047,36047088400
4427,+40.657706,-073.920508,36047,36047088600
3923,+40.654263,-073.917990,36047,36047088800
6319,+40.657676,-073.916427,36047,36047089000
3651,+40.663041,-073.922009,36047,36047089200
3430,+40.661317,-073.916260,36047,36047089400
3546,+40.657929,-073.912442,36047,36047089600
2089,+40.662676,-073.913872,36047,36047089800
5508,+40.666186,-073.920193,36047,36047090000
3451,+40.667606,-073.914999,36047,36047090200
4581,+40.670115,-073.909007,36047,36047090600
3990,+40.670985,-073.905134,36047,36047090800
5610,+40.665715,-073.904159,36047,36047091000
6814,+40.664884,-073.907479,36047,36047091200
4325,+40.659088,-073.909354,36047,36047091600
2804,+40.661821,-073.905390,36047,36047091800
3154,+40.658226,-073.904388,36047,36047092000
2691,+40.655209,-073.907393,36047,36047092200
2656,+40.665815,-073.911163,36047,36047092400
2656,+40.652572,-073.911985,36047,36047092800
2547,+40.649891,-073.915451,36047,36047093000
1142,+40.638357,-073.931077,36047,36047093200
2401,+40.649107,-073.919064,36047,36047093400
1628,+40.649551,-073.921585,36047,36047093600
2374,+40.650512,-073.924792,36047,36047093800
3202,+40.638211,-073.922984,36047,36047094401
2886,+40.635081,-073.920780,36047,36047094402
1830,+40.645466,-073.924099,36047,36047094600
2906,+40.637021,-073.916822,36047,36047095000
4607,+40.638838,-073.914588,36047,36047095400
4042,+40.635654,-073.910792,36047,36047095600
3456,+40.640862,-073.911841,36047,36047095800
0,+40.645927,-073.914764,36047,36047096000
1717,+40.644870,-073.909978,36047,36047096200
2361,+40.641957,-073.907454,36047,36047096400
2164,+40.640152,-073.903734,36047,36047096600
1471,+40.644327,-073.904272,36047,36047096800
2105,+40.646970,-073.907265,36047,36047097000
2724,+40.647600,-073.898816,36047,36047097400
4305,+40.650508,-073.895135,36047,36047098200
1978,+40.646413,-073.891722,36047,36047098400
2862,+40.645016,-073.894532,36047,36047098600
3054,+40.642893,-073.897546,36047,36047098800
1422,+40.639058,-073.898681,36047,36047099000
1833,+40.637512,-073.901276,36047,36047099200
1978,+40.635238,-073.904671,36047,36047099400
3631,+40.633310,-073.907726,36047,36047099600
3784,+40.629973,-073.906872,36047,36047099800
2567,+40.630718,-073.903749,36047,36047100400
2489,+40.632171,-073.900913,36047,36047100600
2124,+40.634091,-073.898097,36047,36047100800
2318,+40.635978,-073.895067,36047,36047101000
1932,+40.639875,-073.893858,36047,36047101200
2160,+40.641889,-073.890912,36047,36047101400
1464,+40.643607,-073.888480,36047,36047101600
1851,+40.641816,-073.885051,36047,36047101800
1922,+40.637956,-073.886796,36047,36047102000
2075,+40.636578,-073.889719,36047,36047102200
2123,+40.632906,-073.893348,36047,36047102400
2771,+40.629564,-073.898526,36047,36047102600
1579,+40.630488,-073.889768,36047,36047102800
3918,+40.633523,-073.886227,36047,36047103400
6928,+40.650040,-073.881296,36047,36047105801
6426,+40.647569,-073.883802,36047,36047105804
322,+40.657254,-073.871267,36047,36047107000
3849,+40.656843,-073.880063,36047,36047107800
1917,+40.653922,-073.899640,36047,36047109800
4358,+40.659431,-073.888513,36047,36047110400
4311,+40.657080,-073.884647,36047,36047110600
3216,+40.660584,-073.881375,36047,36047111000
3484,+40.664286,-073.877046,36047,36047111600
3053,+40.668632,-073.876223,36047,36047111800
3155,+40.666658,-073.880568,36047,36047112000
3371,+40.663598,-073.886131,36047,36047112200
3416,+40.665905,-073.887568,36047,36047112400
3783,+40.664890,-073.892914,36047,36047112600
3822,+40.661677,-073.892093,36047,36047112800
3891,+40.662294,-073.896580,36047,36047113000
1937,+40.660723,-073.898327,36047,36047113200
2838,+40.667024,-073.899256,36047,36047113400
1578,+40.681414,-073.895102,36047,36047114201
2766,+40.682123,-073.891410,36047,36047114202
2403,+40.672869,-073.896287,36047,36047114400
2998,+40.679287,-073.892103,36047,36047114600
2595,+40.673941,-073.886474,36047,36047115000
3094,+40.673050,-073.891041,36047,36047115200
4315,+40.668125,-073.896023,36047,36047115600
2983,+40.668929,-073.892155,36047,36047115800
2543,+40.669306,-073.888742,36047,36047116000
2157,+40.670011,-073.885017,36047,36047116200
2921,+40.670614,-073.881326,36047,36047116400
2907,+40.674467,-073.882244,36047,36047116600
2057,+40.679174,-073.882674,36047,36047116800
1880,+40.678031,-073.886657,36047,36047117000
2713,+40.680864,-073.887376,36047,36047117201
3907,+40.682723,-073.883773,36047,36047117202
4329,+40.682976,-073.879900,36047,36047117400
2750,+40.684489,-073.876822,36047,36047117601
3313,+40.685996,-073.874404,36047,36047117602
1717,+40.681756,-073.873374,36047,36047117800
6,+40.686885,-073.882678,36047,36047118000
3002,+40.687667,-073.871790,36047,36047118201
3083,+40.688717,-073.869041,36047,36047118202
5420,+40.684345,-073.869533,36047,36047118400
2969,+40.681417,-073.867807,36047,36047118600
4651,+40.679168,-073.866275,36047,36047118800
2127,+40.679267,-073.871064,36047,36047119000
3013,+40.676759,-073.877704,36047,36047119200
3914,+40.672548,-073.876830,36047,36047119400
5403,+40.675210,-073.872627,36047,36047119600
3426,+40.676630,-073.893807,36047,36047119800
2148,+40.674734,-073.867805,36047,36047120000
1900,+40.676818,-073.864457,36047,36047120200
8938,+40.671461,-073.865820,36047,36047120800
4035,+40.669867,-073.872169,36047,36047121000
4351,+40.667498,-073.865297,36047,36047121400
5495,+40.665530,-073.863245,36047,36047122000
6008,+40.696257,-073.957284,36047,36047123700
2540,+40.653383,-073.980533,36047,36047150200
3317,+40.643413,-073.967633,36047,36047152200
0,+40.564993,-074.014886,36047,36047990100
2,+40.689913,-074.045313,36061,36061000100
3058,+40.712581,-073.985954,36061,36061000201
7316,+40.712454,-073.981840,36061,36061000202
0,+40.690306,-074.017891,36061,36061000500
11367,+40.712344,-073.989664,36061,36061000600
8109,+40.705907,-074.008897,36061,36061000700
10290,+40.712014,-073.995232,36061,36061000800
731,+40.704146,-074.011383,36061,36061000900
1434,+40.714320,-073.978400,36061,36061001001
6547,+40.717472,-073.977850,36061,36061001002
3397,+40.715639,-073.982589,36061,36061001200
4479,+40.707516,-074.014669,36061,36061001300
3005,+40.715155,-073.987208,36061,36061001401
2782,+40.717677,-073.985860,36061,36061001402
5518,+40.709625,-074.004337,36061,36061001501
7476,+40.708325,-074.006758,36061,36061001502
8478,+40.715882,-073.992900,36061,36061001600
8660,+40.718923,-073.990861,36061,36061001800
4917,+40.720819,-073.976510,36061,36061002000
6040,+40.714684,-074.009886,36061,36061002100
6398,+40.718958,-073.981933,36061,36061002201
2189,+40.721345,-073.981044,36061,36061002202
5434,+40.724211,-073.974315,36061,36061002400
4869,+40.710427,-073.998630,36061,36061002500
3772,+40.722431,-073.979962,36061,36061002601
4227,+40.724388,-073.978874,36061,36061002602
1264,+40.712552,-073.999190,36061,36061002700
7114,+40.726895,-073.977420,36061,36061002800
6398,+40.715148,-073.999235,36061,36061002900
4492,+40.720949,-073.986901,36061,36061003001
3106,+40.722871,-073.985483,36061,36061003002
2550,+40.716957,-074.002798,36061,36061003100
8234,+40.725331,-073.984269,36061,36061003200
5156,+40.718049,-074.006108,36061,36061003300
6612,+40.728950,-073.981415,36061,36061003400
3393,+40.722270,-073.991056,36061,36061003601
3151,+40.724610,-073.990296,36061,36061003602
2447,+40.726366,-074.005906,36061,36061003700
9237,+40.727308,-073.988393,36061,36061003800
5860,+40.720309,-074.010427,36061,36061003900
8651,+40.730757,-073.986367,36061,36061004000
7817,+40.719351,-073.996568,36061,36061004100
5145,+40.732548,-073.989034,36061,36061004200
4270,+40.722973,-073.994997,36061,36061004300
16538,+40.731662,-073.977921,36061,36061004400
1136,+40.720924,-073.999120,36061,36061004500
2524,+40.722822,-074.002908,36061,36061004700
7229,+40.733933,-073.984043,36061,36061004800
4942,+40.725560,-074.001095,36061,36061004900
5055,+40.735881,-073.987133,36061,36061005000
3408,+40.737182,-073.991082,36061,36061005200
4536,+40.737956,-073.994300,36061,36061005400
4204,+40.727566,-073.996845,36061,36061005501
2257,+40.725949,-073.993743,36061,36061005502
3322,+40.741572,-073.987559,36061,36061005600
2781,+40.730171,-073.992545,36061,36061005700
3512,+40.743390,-073.990648,36061,36061005800
5401,+40.731414,-073.994371,36061,36061005900
4511,+40.734759,-073.977008,36061,36061006000
5224,+40.733386,-073.992664,36061,36061006100
4437,+40.739541,-073.973358,36061,36061006200
6380,+40.734375,-073.996853,36061,36061006300
8090,+40.737249,-073.981353,36061,36061006400
6202,+40.729664,-074.000201,36061,36061006500
11740,+40.740112,-073.979373,36061,36061006600
5461,+40.730694,-074.003764,36061,36061006700
7614,+40.740204,-073.983890,36061,36061006800
2759,+40.731523,-074.008614,36061,36061006900
8871,+40.743384,-073.976936,36061,36061007000
5429,+40.735536,-073.999914,36061,36061007100
8664,+40.744983,-073.980567,36061,36061007200
6215,+40.734057,-074.004244,36061,36061007300
4319,+40.746180,-073.983863,36061,36061007400
4159,+40.734621,-074.008072,36061,36061007500
2277,+40.747786,-073.986863,36061,36061007600
5966,+40.738043,-074.003269,36061,36061007700
8391,+40.746676,-073.974374,36061,36061007800
4442,+40.737796,-074.007820,36061,36061007900
5377,+40.748343,-073.978204,36061,36061008000
8047,+40.739727,-073.998849,36061,36061008100
3262,+40.749511,-073.981516,36061,36061008200
4092,+40.742548,-074.004445,36061,36061008300
1595,+40.751030,-073.984693,36061,36061008400
2618,+40.744633,-073.972030,36061,36061008601
0,+40.749757,-073.966238,36061,36061008602
4799,+40.754516,-073.964169,36061,36061008603
6338,+40.742476,-073.997293,36061,36061008700
7026,+40.748946,-073.971867,36061,36061008800
5708,+40.744532,-074.002502,36061,36061008900
7883,+40.752566,-073.969812,36061,36061009000
6304,+40.744839,-073.995521,36061,36061009100
1806,+40.753623,-073.973431,36061,36061009200
8780,+40.747323,-074.001207,36061,36061009300
73,+40.756276,-073.977520,36061,36061009400
3040,+40.746837,-073.994001,36061,36061009500
155,+40.757114,-073.980345,36061,36061009600
5224,+40.749230,-073.998386,36061,36061009700
7316,+40.755757,-073.967501,36061,36061009800
1945,+40.748860,-074.005112,36061,36061009900
1992,+40.758860,-073.970220,36061,36061010000
1116,+40.749024,-073.991046,36061,36061010100
230,+40.759529,-073.974986,36061,36061010200
2058,+40.752133,-073.996114,36061,36061010300
966,+40.762291,-073.976565,36061,36061010400
7351,+40.757290,-073.961883,36061,36061010601
4875,+40.761145,-073.958952,36061,36061010602
9039,+40.758867,-073.965276,36061,36061010800
183,+40.753109,-073.990578,36061,36061010900
7169,+40.762596,-073.962949,36061,36061011000
3512,+40.754732,-073.995550,36061,36061011100
992,+40.764209,-073.975402,36061,36061011201
441,+40.762575,-073.971690,36061,36061011202
1401,+40.761032,-073.968791,36061,36061011203
117,+40.753616,-073.987461,36061,36061011300
1412,+40.764941,-073.970201,36061,36061011401
2397,+40.763623,-073.967043,36061,36061011402
2303,+40.757427,-073.992902,36061,36061011500
3543,+40.763435,-073.957618,36061,36061011600
3364,+40.760723,-073.999123,36061,36061011700
8767,+40.765291,-073.961008,36061,36061011800
1120,+40.757192,-073.986437,36061,36061011900
3971,+40.766800,-073.964460,36061,36061012000
8554,+40.759688,-073.992159,36061,36061012100
3633,+40.768445,-073.967839,36061,36061012200
10218,+40.766865,-073.954423,36061,36061012400
2719,+40.760615,-073.985550,36061,36061012500
12774,+40.768386,-073.958519,36061,36061012600
6928,+40.762232,-073.989948,36061,36061012700
6270,+40.771389,-073.961259,36061,36061012800
6038,+40.762371,-073.995755,36061,36061012900
4195,+40.772811,-073.964547,36061,36061013000
2816,+40.763021,-073.983241,36061,36061013100
10590,+40.770022,-073.951434,36061,36061013200
6208,+40.764485,-073.987884,36061,36061013300
11174,+40.771613,-073.955950,36061,36061013400
6596,+40.767771,-073.991617,36061,36061013500
15344,+40.772867,-073.948902,36061,36061013600
6471,+40.765363,-073.979991,36061,36061013700
12444,+40.774764,-073.953901,36061,36061013800
9257,+40.767228,-073.985852,36061,36061013900
7813,+40.776129,-073.957883,36061,36061014000
4462,+40.777340,-073.961303,36061,36061014200
25,+40.790250,-073.959844,36061,36061014300
4864,+40.775326,-073.947687,36061,36061014401
6743,+40.776953,-073.946446,36061,36061014402
5542,+40.769930,-073.984727,36061,36061014500
4274,+40.777142,-073.952159,36061,36061014601
7904,+40.778812,-073.951211,36061,36061014602
2755,+40.771524,-073.988658,36061,36061014700
2863,+40.778746,-073.955910,36061,36061014801
7066,+40.781176,-073.954397,36061,36061014802
5842,+40.771935,-073.981339,36061,36061014900
2294,+40.780312,-073.959255,36061,36061015001
5437,+40.782196,-073.957595,36061,36061015002
8306,+40.774107,-073.988388,36061,36061015100
7275,+40.779779,-073.945503,36061,36061015200
9320,+40.775118,-073.981101,36061,36061015300
13749,+40.781416,-073.949176,36061,36061015400
9350,+40.777341,-073.986537,36061,36061015500
5345,+40.783800,-073.947701,36061,36061015601
2298,+40.785510,-073.947491,36061,36061015602
10751,+40.777384,-073.978778,36061,36061015700
5650,+40.784177,-073.952153,36061,36061015801
3346,+40.786339,-073.950287,36061,36061015802
9623,+40.779640,-073.984495,36061,36061015900
3744,+40.785876,-073.955044,36061,36061016001
3131,+40.787836,-073.953591,36061,36061016002
6437,+40.779764,-073.977195,36061,36061016100
9308,+40.788602,-073.939395,36061,36061016200
6624,+40.782290,-073.982317,36061,36061016300
6127,+40.787763,-073.944412,36061,36061016400
6402,+40.783035,-073.975750,36061,36061016500
7317,+40.789314,-073.948322,36061,36061016600
6564,+40.784770,-073.979985,36061,36061016700
5675,+40.791259,-073.951064,36061,36061016800
8108,+40.785124,-073.972839,36061,36061016900
7855,+40.790880,-073.941801,36061,36061017000
8989,+40.787547,-073.978375,36061,36061017100
5504,+40.794008,-073.945003,36061,36061017200
8939,+40.787689,-073.971244,36061,36061017300
5248,+40.794939,-073.948906,36061,36061017401
2093,+40.796923,-073.947927,36061,36061017402
10820,+40.790049,-073.976765,36061,36061017500
9151,+40.790276,-073.969444,36061,36061017700
3912,+40.795735,-073.933772,36061,36061017800
9293,+40.792594,-073.974391,36061,36061017900
7476,+40.794652,-073.939447,36061,36061018000
8866,+40.792643,-073.967756,36061,36061018100
6768,+40.798320,-073.942081,36061,36061018200
8667,+40.795045,-073.972766,36061,36061018300
7835,+40.799473,-073.945274,36061,36061018400
4190,+40.794324,-073.966272,36061,36061018500
5701,+40.799153,-073.949738,36061,36061018600
8974,+40.797539,-073.970890,36061,36061018700
6008,+40.797644,-073.937447,36061,36061018800
11547,+40.797194,-073.963929,36061,36061018900
3083,+40.801936,-073.947637,36061,36061019000
8807,+40.800034,-073.969009,36061,36061019100
3584,+40.798823,-073.931457,36061,36061019200
9009,+40.800426,-073.961668,36061,36061019300
6558,+40.800668,-073.935015,36061,36061019400
8197,+40.802626,-073.966881,36061,36061019500
3931,+40.802504,-073.939350,36061,36061019600
641,+40.803496,-073.961768,36061,36061019701
2090,+40.802173,-073.957974,36061,36061019702
1914,+40.804173,-073.941481,36061,36061019800
10064,+40.805230,-073.965137,36061,36061019900
2581,+40.805295,-073.945622,36061,36061020000
1731,+40.806707,-073.960026,36061,36061020101
3865,+40.805042,-073.956651,36061,36061020102
3633,+40.808844,-073.961431,36061,36061020300
5322,+40.808816,-073.964717,36061,36061020500
2942,+40.808337,-073.938860,36061,36061020600
3329,+40.808940,-073.958480,36061,36061020701
4591,+40.809674,-073.942024,36061,36061020800
3673,+40.811725,-073.955519,36061,36061020901
6637,+40.812422,-073.936184,36061,36061021000
10330,+40.813810,-073.959381,36061,36061021100
4412,+40.813769,-073.939001,36061,36061021200
5619,+40.814221,-073.952796,36061,36061021303
3001,+40.816936,-073.936769,36061,36061021400
3068,+40.814213,-073.948948,36061,36061021500
7556,+40.800629,-073.954340,36061,36061021600
6,+40.818471,-073.948915,36061,36061021703
6617,+40.803297,-073.952728,36061,36061021800
6023,+40.817106,-073.955418,36061,36061021900
5370,+40.805902,-073.951108,36061,36061022000
2175,+40.818837,-073.946246,36061,36061022102
2644,+40.807831,-073.949303,36061,36061022200
7917,+40.820521,-073.954572,36061,36061022301
3385,+40.820002,-073.956901,36061,36061022302
6427,+40.811416,-073.947040,36061,36061022400
10149,+40.823050,-073.952519,36061,36061022500
3778,+40.813561,-073.944713,36061,36061022600
4864,+40.822788,-073.946268,36061,36061022700
5248,+40.815906,-073.942809,36061,36061022800
8300,+40.825401,-073.950367,36061,36061022900
8106,+40.818667,-073.941229,36061,36061023000
5865,+40.826004,-073.944459,36061,36061023100
7980,+40.821027,-073.939746,36061,36061023200
6527,+40.828139,-073.948259,36061,36061023300
4465,+40.824072,-073.938999,36061,36061023400
6004,+40.829208,-073.942020,36061,36061023501
1819,+40.827685,-073.939062,36061,36061023502
6404,+40.824343,-073.936483,36061,36061023600
6811,+40.830412,-073.947261,36061,36061023700
9723,+40.760673,-073.951360,36061,36061023801
1938,+40.770308,-073.942216,36061,36061023802
2371,+40.832747,-073.940879,36061,36061023900
1648,+40.789803,-073.927123,36061,36061024000
7642,+40.833848,-073.945182,36061,36061024100
3396,+40.805950,-073.936027,36061,36061024200
3946,+40.836136,-073.938724,36061,36061024301
7370,+40.832196,-073.937227,36061,36061024302
14934,+40.836671,-073.942081,36061,36061024500
7074,+40.837255,-073.945531,36061,36061024700
1101,+40.838777,-073.936885,36061,36061024900
2526,+40.840029,-073.938426,36061,36061025100
11236,+40.842910,-073.938138,36061,36061025300
5771,+40.844875,-073.942090,36061,36061025500
3876,+40.807924,-073.954451,36061,36061025700
3496,+40.823328,-073.942269,36061,36061025900
12087,+40.845792,-073.934557,36061,36061026100
8729,+40.846903,-073.937241,36061,36061026300
7021,+40.849727,-073.939183,36061,36061026500
2173,+40.850641,-073.928414,36061,36061026700
8428,+40.851050,-073.930722,36061,36061026900
8196,+40.851979,-073.934212,36061,36061027100
6370,+40.853277,-073.937642,36061,36061027300
2846,+40.854198,-073.939439,36061,36061027500
7086,+40.855147,-073.928162,36061,36061027700
10292,+40.855933,-073.930947,36061,36061027900
2867,+40.856388,-073.934977,36061,36061028100
7627,+40.858916,-073.928900,36061,36061028300
7216,+40.861657,-073.927835,36061,36061028500
4035,+40.864332,-073.928468,36061,36061028700
11288,+40.864083,-073.923610,36061,36061029100
9033,+40.865864,-073.920095,36061,36061029300
6941,+40.867604,-073.924906,36061,36061029500
161,+40.872064,-073.923039,36061,36061029700
3834,+40.861538,-073.921560,36061,36061029900
3753,+40.869272,-073.918406,36061,36061030300
3434,+40.871456,-073.917048,36061,36061030700
8463,+40.875793,-073.909748,36061,36061030900
2,+40.839244,-073.934715,36061,36061031100
7709,+40.715463,-074.015441,36061,36061031703
5677,+40.708202,-074.016948,36061,36061031704
11,+40.702849,-074.015062,36061,36061031900
4949,+40.744752,-073.956346,36081,36081000100
2829,+40.693375,-073.866015,36081,36081000200
4413,+40.689692,-073.864975,36081,36081000400
3729,+40.686012,-073.863895,36081,36081000600
4790,+40.745039,-073.951168,36081,36081000700
3360,+40.687484,-073.858229,36081,36081000800
3502,+40.690851,-073.859136,36081,36081001000
3871,+40.694185,-073.861103,36081,36081001200
3683,+40.695031,-073.855361,36081,36081001400
2831,+40.689685,-073.854909,36081,36081001600
2931,+40.690452,-073.852211,36081,36081001800
1076,+40.746869,-073.942958,36081,36081001900
1797,+40.691318,-073.849381,36081,36081002000
2077,+40.695951,-073.850346,36081,36081002200
2145,+40.697036,-073.846444,36081,36081002400
7571,+40.755118,-073.944851,36081,36081002500
2055,+40.696968,-073.843220,36081,36081002600
3033,+40.692414,-073.844102,36081,36081002800
1399,+40.691808,-073.847362,36081,36081003000
1388,+40.753855,-073.934501,36081,36081003100
1504,+40.686994,-073.847109,36081,36081003200
2474,+40.754176,-073.937517,36081,36081003300
2201,+40.684082,-073.860571,36081,36081003400
3295,+40.683636,-073.857301,36081,36081003600
0,+40.763304,-073.943205,36081,36081003700
2287,+40.684612,-073.848135,36081,36081003800
1592,+40.763953,-073.940169,36081,36081003900
2134,+40.683267,-073.845692,36081,36081004001
1270,+40.681692,-073.843243,36081,36081004002
4120,+40.681408,-073.859379,36081,36081004200
2437,+40.761721,-073.936953,36081,36081004300
3500,+40.677274,-073.859275,36081,36081004401
2975,+40.763630,-073.932892,36081,36081004500
3984,+40.760409,-073.933226,36081,36081004700
29,+40.677726,-073.854933,36081,36081005000
2231,+40.756134,-073.932295,36081,36081005100
2751,+40.680723,-073.854937,36081,36081005200
5340,+40.760379,-073.929329,36081,36081005300
5257,+40.678641,-073.849054,36081,36081005400
1067,+40.754237,-073.927759,36081,36081005500
4321,+40.757296,-073.926603,36081,36081005700
5414,+40.673940,-073.848352,36081,36081005800
4169,+40.759840,-073.924222,36081,36081005900
5644,+40.762032,-073.922039,36081,36081006100
5128,+40.667266,-073.847659,36081,36081006201
6253,+40.665049,-073.854162,36081,36081006202
5949,+40.764544,-073.920185,36081,36081006300
3676,+40.767845,-073.917658,36081,36081006501
3853,+40.766913,-073.915113,36081,36081006502
4611,+40.771605,-073.922232,36081,36081006900
3963,+40.769349,-073.923589,36081,36081007100
4231,+40.766890,-073.925107,36081,36081007300
4116,+40.764500,-073.927143,36081,36081007500
1478,+40.766978,-073.931803,36081,36081007700
3493,+40.769165,-073.930178,36081,36081007900
1188,+40.770294,-073.933427,36081,36081008100
2950,+40.772819,-073.928649,36081,36081008300
1270,+40.761150,-073.940266,36081,36081008500
2811,+40.676937,-073.841251,36081,36081008600
4582,+40.773968,-073.934355,36081,36081008700
3095,+40.670987,-073.839309,36081,36081008800
2796,+40.775291,-073.927864,36081,36081009100
2834,+40.681389,-073.836340,36081,36081009400
2289,+40.774212,-073.919935,36081,36081009500
3135,+40.681184,-073.832442,36081,36081009600
3580,+40.776436,-073.918662,36081,36081009700
2688,+40.685446,-073.831046,36081,36081009800
3,+40.778955,-073.922343,36081,36081009900
3571,+40.680949,-073.828672,36081,36081010000
2552,+40.778474,-073.916242,36081,36081010100
2677,+40.678872,-073.822931,36081,36081010200
3934,+40.780697,-073.914757,36081,36081010300
3147,+40.683245,-073.826507,36081,36081010400
4244,+40.782878,-073.913075,36081,36081010500
3427,+40.685482,-073.824877,36081,36081010600
0,+40.785292,-073.906084,36081,36081010701
2980,+40.688674,-073.830655,36081,36081010800
3075,+40.687200,-073.834974,36081,36081011000
3050,+40.778851,-073.907587,36081,36081011100
2358,+40.684131,-073.838949,36081,36081011200
4234,+40.776346,-073.908593,36081,36081011300
1330,+40.687398,-073.841465,36081,36081011400
2325,+40.774123,-073.914050,36081,36081011500
2178,+40.688509,-073.838858,36081,36081011600
3848,+40.772293,-073.910386,36081,36081011700
2628,+40.690584,-073.833737,36081,36081011800
1701,+40.771334,-073.906244,36081,36081011900
2487,+40.691470,-073.828732,36081,36081012000
2064,+40.772986,-073.903836,36081,36081012100
2971,+40.696399,-073.831082,36081,36081012200
2910,+40.774747,-073.901371,36081,36081012301
2914,+40.695466,-073.834393,36081,36081012400
1662,+40.771601,-073.916014,36081,36081012500
2413,+40.693715,-073.837497,36081,36081012601
2578,+40.693317,-073.840791,36081,36081012602
2030,+40.698316,-073.840201,36081,36081012800
1745,+40.700087,-073.837741,36081,36081013000
1772,+40.701168,-073.834137,36081,36081013200
5474,+40.705423,-073.834437,36081,36081013400
1411,+40.770756,-073.898971,36081,36081013500
1972,+40.706715,-073.828833,36081,36081013600
1579,+40.769380,-073.904534,36081,36081013700
3604,+40.707001,-073.825756,36081,36081013800
3705,+40.703667,-073.829635,36081,36081014000
1621,+40.767600,-073.909052,36081,36081014100
4348,+40.700686,-073.824935,36081,36081014201
2838,+40.700423,-073.819947,36081,36081014202
4065,+40.766400,-073.911627,36081,36081014300
2109,+40.698660,-073.828483,36081,36081014400
2246,+40.764478,-073.908029,36081,36081014500
3054,+40.763051,-073.910866,36081,36081014700
2265,+40.694355,-073.822841,36081,36081014800
2674,+40.761816,-073.914097,36081,36081014900
2458,+40.693431,-073.821067,36081,36081015000
2794,+40.760237,-073.910770,36081,36081015100
2721,+40.693541,-073.813901,36081,36081015200
2145,+40.758153,-073.913768,36081,36081015300
2333,+40.692027,-073.821156,36081,36081015400
2251,+40.759762,-073.917296,36081,36081015500
3218,+40.690333,-073.820658,36081,36081015600
1543,+40.755910,-073.921189,36081,36081015700
3737,+40.688801,-073.812651,36081,36081015801
4398,+40.687534,-073.819649,36081,36081015802
4136,+40.755930,-073.918350,36081,36081015900
2377,+40.755128,-073.914211,36081,36081016100
4382,+40.756330,-073.909547,36081,36081016300
3313,+40.685002,-073.816838,36081,36081016400
3278,+40.681681,-073.820910,36081,36081016600
2684,+40.679722,-073.817514,36081,36081016800
5539,+40.747988,-073.914179,36081,36081016900
2600,+40.684320,-073.812055,36081,36081017000
8,+40.751725,-073.922376,36081,36081017100
2101,+40.682079,-073.812306,36081,36081017200
2244,+40.680485,-073.810898,36081,36081017400
2143,+40.678760,-073.809936,36081,36081017600
1925,+40.677100,-073.808799,36081,36081017800
1054,+40.743965,-073.925742,36081,36081017900
1090,+40.675903,-073.805162,36081,36081018000
4090,+40.744368,-073.924231,36081,36081018101
3928,+40.744590,-073.922211,36081,36081018102
2267,+40.676300,-073.798712,36081,36081018200
6031,+40.744879,-073.919781,36081,36081018300
2054,+40.675244,-073.791952,36081,36081018401
2223,+40.679029,-073.794300,36081,36081018402
3611,+40.738658,-073.922071,36081,36081018501
3633,+40.740520,-073.921833,36081,36081018502
1623,+40.680043,-073.798375,36081,36081018600
3088,+40.736875,-073.923850,36081,36081018700
1236,+40.682072,-073.798272,36081,36081018800
3492,+40.739963,-073.927055,36081,36081018900
1969,+40.685330,-073.795349,36081,36081019000
1914,+40.684082,-073.800069,36081,36081019200
2628,+40.686132,-073.803110,36081,36081019400
2643,+40.689604,-073.799812,36081,36081019600
2930,+40.691850,-073.802826,36081,36081019800
1028,+40.738142,-073.935552,36081,36081019900
1387,+40.689864,-073.807486,36081,36081020200
2098,+40.693608,-073.805300,36081,36081020400
1202,+40.733452,-073.919287,36081,36081020500
1712,+40.694620,-073.809435,36081,36081020600
2539,+40.697094,-073.807808,36081,36081020800
2754,+40.701069,-073.812589,36081,36081021200
6194,+40.706873,-073.814908,36081,36081021400
4016,+40.708898,-073.824278,36081,36081021600
7,+40.721842,-073.914407,36081,36081021900
6074,+40.713918,-073.821025,36081,36081022001
5569,+40.712164,-073.815325,36081,36081022002
27,+40.732138,-073.907278,36081,36081022900
1795,+40.712685,-073.808202,36081,36081023000
5090,+40.709741,-073.811990,36081,36081023200
8278,+40.739557,-073.917902,36081,36081023500
2638,+40.707162,-073.804649,36081,36081023600
5101,+40.705118,-073.808432,36081,36081023800
5464,+40.703212,-073.806072,36081,36081024000
5440,+40.737186,-073.899746,36081,36081024300
4942,+40.739600,-073.905191,36081,36081024500
0,+40.701227,-073.796554,36081,36081024600
1509,+40.742475,-073.899200,36081,36081024700
5546,+40.743090,-073.904073,36081,36081024900
5720,+40.744952,-073.909970,36081,36081025100
4591,+40.744732,-073.916491,36081,36081025301
2876,+40.744874,-073.912754,36081,36081025302
8207,+40.696502,-073.794599,36081,36081025400
1507,+40.748510,-073.908385,36081,36081025500
1542,+40.749280,-073.905555,36081,36081025700
1978,+40.695823,-073.787684,36081,36081025800
3516,+40.748464,-073.903602,36081,36081025900
2339,+40.692541,-073.793679,36081,36081026000
7414,+40.747497,-073.900260,36081,36081026100
1465,+40.690991,-073.792109,36081,36081026200
6220,+40.745371,-073.897283,36081,36081026300
2257,+40.692206,-073.785601,36081,36081026400
4494,+40.744627,-073.892964,36081,36081026500
1755,+40.691594,-073.781991,36081,36081026600
6002,+40.745512,-073.888199,36081,36081026700
5304,+40.746685,-073.882399,36081,36081026901
4444,+40.744578,-073.883057,36081,36081026902
1647,+40.688614,-073.791579,36081,36081027000
8726,+40.745099,-073.879528,36081,36081027100
1846,+40.683346,-073.791212,36081,36081027200
8631,+40.751980,-073.872741,36081,36081027300
1735,+40.684998,-073.789068,36081,36081027400
6887,+40.752646,-073.875581,36081,36081027500
1165,+40.687121,-073.786621,36081,36081027600
8757,+40.752740,-073.877885,36081,36081027700
2256,+40.685704,-073.783464,36081,36081027800
6317,+40.750916,-073.880017,36081,36081027900
1551,+40.688156,-073.779733,36081,36081028000
5722,+40.752164,-073.882655,36081,36081028100
1545,+40.685175,-073.774163,36081,36081028200
7415,+40.751114,-073.885071,36081,36081028300
3438,+40.682658,-073.777801,36081,36081028400
4729,+40.750829,-073.887026,36081,36081028500
6232,+40.751215,-073.889644,36081,36081028700
4230,+40.679407,-073.786512,36081,36081028800
5176,+40.750986,-073.892029,36081,36081028900
7039,+40.750863,-073.894668,36081,36081029100
1351,+40.751697,-073.899980,36081,36081029300
6664,+40.671208,-073.779219,36081,36081029400
3670,+40.756805,-073.906542,36081,36081029500
2162,+40.757872,-073.903999,36081,36081029700
0,+40.764024,-073.899349,36081,36081029900
4213,+40.664746,-073.773907,36081,36081030600
7992,+40.757445,-073.896499,36081,36081030902
6743,+40.757697,-073.889490,36081,36081030903
3712,+40.763095,-073.889769,36081,36081030904
6151,+40.769735,-073.892883,36081,36081031700
4645,+40.662008,-073.765769,36081,36081032000
4255,+40.758147,-073.885397,36081,36081032700
2409,+40.671412,-073.755681,36081,36081032800
4018,+40.763703,-073.882512,36081,36081032900
6170,+40.670172,-073.764165,36081,36081033000
0,+40.774321,-073.874499,36081,36081033100
3128,+40.679674,-073.766877,36081,36081033401
12575,+40.675907,-073.771982,36081,36081033402
3619,+40.758564,-073.882645,36081,36081033700
3400,+40.758914,-073.879895,36081,36081033900
3268,+40.765595,-073.877361,36081,36081034700
4240,+40.758744,-073.877032,36081,36081035100
2414,+40.679420,-073.758071,36081,36081035200
2690,+40.759572,-073.874052,36081,36081035300
4947,+40.767545,-073.871831,36081,36081035700
3927,+40.675798,-073.750967,36081,36081035800
2426,+40.760873,-073.872378,36081,36081036100
2397,+40.759388,-073.869385,36081,36081036300
3885,+40.759294,-073.865539,36081,36081036500
2592,+40.685346,-073.763085,36081,36081036600
2676,+40.763342,-073.868288,36081,36081036700
2362,+40.685247,-073.766394,36081,36081036800
1597,+40.764192,-073.864023,36081,36081037100
2532,+40.759360,-073.860752,36081,36081037300
3783,+40.750912,-073.869772,36081,36081037500
5598,+40.688305,-073.754222,36081,36081037600
4227,+40.755617,-073.868677,36081,36081037700
6214,+40.755328,-073.863987,36081,36081037900
6808,+40.755772,-073.858582,36081,36081038100
0,+40.761553,-073.841673,36081,36081038301
56,+40.740716,-073.841336,36081,36081038302
2333,+40.693435,-073.747799,36081,36081038400
2814,+40.689595,-073.758698,36081,36081039400
1657,+40.694568,-073.764915,36081,36081039800
4132,+40.751555,-073.853715,36081,36081039900
1267,+40.698282,-073.765112,36081,36081040000
7527,+40.751545,-073.857058,36081,36081040100
1368,+40.699878,-073.768539,36081,36081040200
6777,+40.750814,-073.860512,36081,36081040300
3918,+40.705402,-073.770554,36081,36081040400
3303,+40.750415,-073.863138,36081,36081040500
8304,+40.750303,-073.865570,36081,36081040700
5094,+40.750039,-073.867885,36081,36081040900
3947,+40.743899,-073.865380,36081,36081041100
4464,+40.744758,-073.861346,36081,36081041300
4033,+40.699217,-073.781282,36081,36081041400
4278,+40.746584,-073.856854,36081,36081041500
2161,+40.695607,-073.772939,36081,36081042400
512,+40.689306,-073.769833,36081,36081042600
4604,+40.743655,-073.853583,36081,36081042700
1166,+40.690817,-073.775323,36081,36081043200
1956,+40.695881,-073.778946,36081,36081043400
3381,+40.739533,-073.851030,36081,36081043701
6476,+40.738293,-073.856495,36081,36081043702
4790,+40.741872,-073.855940,36081,36081043900
3669,+40.702614,-073.784446,36081,36081044000
4033,+40.740657,-073.859225,36081,36081044301
5223,+40.739251,-073.864422,36081,36081044302
3236,+40.706407,-073.787614,36081,36081044400
3367,+40.705687,-073.798803,36081,36081044601
4596,+40.708066,-073.799198,36081,36081044602
2571,+40.711206,-073.802198,36081,36081044800
1943,+40.714157,-073.804743,36081,36081045000
1153,+40.714525,-073.799552,36081,36081045200
4773,+40.712523,-073.796078,36081,36081045400
12330,+40.736413,-073.862162,36081,36081045500
1338,+40.716259,-073.794079,36081,36081045600
3355,+40.737829,-073.870198,36081,36081045700
2016,+40.713619,-073.791395,36081,36081045800
3975,+40.739860,-073.870872,36081,36081045900
6006,+40.708884,-073.793147,36081,36081046000
3089,+40.741786,-073.870962,36081,36081046100
7296,+40.709971,-073.788190,36081,36081046200
4284,+40.744298,-073.871213,36081,36081046300
1643,+40.714925,-073.788445,36081,36081046400
4247,+40.746980,-073.870337,36081,36081046500
3058,+40.713382,-073.785921,36081,36081046600
7112,+40.745612,-073.874364,36081,36081046700
3829,+40.710409,-073.782374,36081,36081046800
8570,+40.745064,-073.877304,36081,36081046900
3247,+40.711013,-073.777089,36081,36081047000
4425,+40.740836,-073.876953,36081,36081047100
3760,+40.715840,-073.778589,36081,36081047200
3997,+40.737628,-073.875544,36081,36081047300
4835,+40.733856,-073.876660,36081,36081047500
1326,+40.722013,-073.771334,36081,36081047600
5294,+40.719718,-073.765176,36081,36081047800
5456,+40.735395,-073.882737,36081,36081047900
2506,+40.712814,-073.773416,36081,36081048000
6781,+40.742263,-073.884894,36081,36081048100
1452,+40.714889,-073.767992,36081,36081048200
4047,+40.741796,-073.891972,36081,36081048300
4979,+40.715800,-073.759953,36081,36081048400
4598,+40.739753,-073.883622,36081,36081048500
1486,+40.736145,-073.891958,36081,36081048900
4750,+40.722805,-073.758158,36081,36081049200
2134,+40.732392,-073.894234,36081,36081049301
2811,+40.727762,-073.892488,36081,36081049302
1358,+40.725216,-073.890197,36081,36081049500
3030,+40.716883,-073.753136,36081,36081049600
3021,+40.732062,-073.890361,36081,36081049700
5071,+40.731570,-073.882737,36081,36081049900
4323,+40.711892,-073.765966,36081,36081050000
1410,+40.708936,-073.764937,36081,36081050201
1344,+40.710247,-073.759171,36081,36081050202
1831,+40.705464,-073.764097,36081,36081050400
1657,+40.728905,-073.874591,36081,36081050500
1553,+40.705952,-073.759564,36081,36081050600
3442,+40.726922,-073.880919,36081,36081050700
1837,+40.707088,-073.755733,36081,36081050800
1540,+40.709832,-073.753791,36081,36081051000
2097,+40.727545,-073.899121,36081,36081051100
2619,+40.709637,-073.749955,36081,36081051200
2367,+40.731735,-073.897523,36081,36081051300
2852,+40.731185,-073.900980,36081,36081051500
1866,+40.702760,-073.747452,36081,36081051600
1957,+40.724257,-073.900851,36081,36081051700
1931,+40.701795,-073.751960,36081,36081051800
1521,+40.700771,-073.754567,36081,36081052000
1983,+40.721060,-073.901213,36081,36081052100
1532,+40.700097,-073.757140,36081,36081052200
1739,+40.701109,-073.761826,36081,36081052400
2063,+40.719009,-073.905796,36081,36081052500
1802,+40.697238,-073.759805,36081,36081052600
1442,+40.694057,-073.758685,36081,36081052800
2240,+40.696323,-073.752583,36081,36081053000
3114,+40.722943,-073.907387,36081,36081053100
1675,+40.700475,-073.749254,36081,36081053200
1907,+40.700344,-073.743663,36081,36081053401
1123,+40.715050,-073.912576,36081,36081053500
1577,+40.706666,-073.745850,36081,36081053601
1755,+40.706320,-073.742590,36081,36081053800
4147,+40.709010,-073.916346,36081,36081053900
4222,+40.712548,-073.742915,36081,36081054000
5074,+40.719065,-073.746306,36081,36081054200
3722,+40.705477,-073.912676,36081,36081054500
4643,+40.703453,-073.909938,36081,36081054700
2319,+40.723339,-073.751015,36081,36081054800
5308,+40.702434,-073.907433,36081,36081054900
4573,+40.701741,-073.904252,36081,36081055100
3064,+40.727227,-073.749692,36081,36081055200
2454,+40.698797,-073.906895,36081,36081055300
2303,+40.727911,-073.740237,36081,36081055400
2147,+40.697488,-073.902615,36081,36081055500
2153,+40.725562,-073.745119,36081,36081055600
3915,+40.698937,-073.899553,36081,36081055700
1732,+40.722493,-073.741737,36081,36081055800
1217,+40.695211,-073.901845,36081,36081055900
1647,+40.725446,-073.736796,36081,36081056000
73,+40.697419,-073.879341,36081,36081056100
1517,+40.724705,-073.733268,36081,36081056200
1783,+40.721483,-073.733473,36081,36081056400
1567,+40.694307,-073.896764,36081,36081056500
1487,+40.719690,-073.738287,36081,36081056600
4574,+40.697164,-073.892373,36081,36081056700
4550,+40.715488,-073.733846,36081,36081056800
3625,+40.700325,-073.890640,36081,36081057700
1592,+40.703436,-073.889829,36081,36081057900
3641,+40.707378,-073.731400,36081,36081058000
2662,+40.704055,-073.893985,36081,36081058100
4490,+40.706973,-073.737610,36081,36081058200
3254,+40.701943,-073.897521,36081,36081058300
4062,+40.704342,-073.899523,36081,36081058500
3296,+40.707000,-073.900117,36081,36081058700
4196,+40.706466,-073.905363,36081,36081058900
1074,+40.701460,-073.737282,36081,36081059000
5826,+40.708037,-073.909838,36081,36081059100
1280,+40.701506,-073.730149,36081,36081059200
3881,+40.709937,-073.902669,36081,36081059300
1537,+40.698507,-073.731318,36081,36081059400
4700,+40.713362,-073.908283,36081,36081059500
1304,+40.696893,-073.737063,36081,36081059600
1643,+40.698347,-073.740876,36081,36081059800
1525,+40.717265,-073.901922,36081,36081059900
1056,+40.695114,-073.733462,36081,36081060000
2111,+40.715348,-073.902071,36081,36081060100
1706,+40.714153,-073.898163,36081,36081060300
1381,+40.691778,-073.735341,36081,36081060600
25,+40.717428,-073.894307,36081,36081060701
1413,+40.693430,-073.741379,36081,36081060800
1268,+40.690255,-073.743385,36081,36081061000
1597,+40.688299,-073.736657,36081,36081061200
5295,+40.709002,-073.895291,36081,36081061301
19,+40.709338,-073.883519,36081,36081061302
1234,+40.686512,-073.730303,36081,36081061400
2180,+40.681946,-073.731841,36081,36081061601
1152,+40.677538,-073.728202,36081,36081061602
1583,+40.677038,-073.736357,36081,36081061800
2783,+40.710121,-073.876733,36081,36081061900
1440,+40.681073,-073.738137,36081,36081062000
2746,+40.710649,-073.872999,36081,36081062100
1983,+40.691974,-073.729506,36081,36081062200
1789,+40.704177,-073.878225,36081,36081062300
1,+40.685794,-073.742033,36081,36081062400
2388,+40.703937,-073.882464,36081,36081062500
2620,+40.682098,-073.747941,36081,36081062600
2879,+40.703523,-073.886283,36081,36081062700
2782,+40.700915,-073.883466,36081,36081062900
1579,+40.680510,-073.743390,36081,36081063000
2134,+40.676613,-073.740472,36081,36081063200
1416,+40.704099,-073.874268,36081,36081063301
1476,+40.705168,-073.871338,36081,36081063302
2513,+40.704518,-073.867146,36081,36081063500
3148,+40.708388,-073.862200,36081,36081063700
3425,+40.669859,-073.732144,36081,36081063800
2747,+40.704044,-073.857051,36081,36081063900
1960,+40.699095,-073.851765,36081,36081064101
113,+40.701444,-073.853385,36081,36081064102
1979,+40.709436,-073.851436,36081,36081064500
2829,+40.672716,-073.741787,36081,36081064600
2650,+40.669292,-073.744433,36081,36081065000
2788,+40.661930,-073.738805,36081,36081065400
0,+40.714753,-073.866649,36081,36081065501
4853,+40.659479,-073.729517,36081,36081065600
1675,+40.713367,-073.882987,36081,36081065702
2597,+40.715167,-073.875483,36081,36081065703
1666,+40.715553,-073.882048,36081,36081065900
3233,+40.658541,-073.733189,36081,36081066000
1495,+40.717558,-073.881733,36081,36081066100
2601,+40.722004,-073.874663,36081,36081066300
9612,+40.653752,-073.736482,36081,36081066400
3275,+40.719265,-073.887513,36081,36081066501
2575,+40.721902,-073.891399,36081,36081066701
1706,+40.723621,-073.886049,36081,36081066900
2100,+40.724362,-073.878322,36081,36081067100
1786,+40.719106,-073.872513,36081,36081067700
4094,+40.724500,-073.870568,36081,36081067900
4708,+40.663021,-073.750535,36081,36081068000
1102,+40.667944,-073.750373,36081,36081068200
4210,+40.735625,-073.867257,36081,36081068300
4630,+40.730194,-073.868520,36081,36081068700
3252,+40.660390,-073.755745,36081,36081069000
2883,+40.728811,-073.863230,36081,36081069300
3314,+40.656040,-073.750012,36081,36081069400
2128,+40.725952,-073.867585,36081,36081069500
3616,+40.727056,-073.859763,36081,36081069701
3911,+40.722635,-073.863278,36081,36081069702
2010,+40.716552,-073.859509,36081,36081070300
2303,+40.715030,-073.855601,36081,36081070700
2483,+40.719394,-073.855090,36081,36081070900
5272,+40.722051,-073.853255,36081,36081071100
4973,+40.726012,-073.849693,36081,36081071303
6136,+40.728854,-073.853949,36081,36081071304
4871,+40.723995,-073.851002,36081,36081071305
5811,+40.725911,-073.856371,36081,36081071306
0,+40.646016,-073.787665,36081,36081071600
5161,+40.731807,-073.859049,36081,36081071701
3921,+40.733851,-073.860565,36081,36081071702
2630,+40.734677,-073.855213,36081,36081071900
4963,+40.731295,-073.854269,36081,36081072100
2127,+40.716042,-073.847786,36081,36081072300
1363,+40.712554,-073.852326,36081,36081072900
1515,+40.711029,-073.846592,36081,36081073100
2042,+40.718723,-073.843137,36081,36081073700
5028,+40.723410,-073.844478,36081,36081073900
3015,+40.728263,-073.847987,36081,36081074100
4221,+40.731957,-073.849443,36081,36081074300
3571,+40.735676,-073.850581,36081,36081074500
3386,+40.734321,-073.846138,36081,36081074700
1453,+40.713255,-073.840319,36081,36081074900
4678,+40.718668,-073.835312,36081,36081075701
4481,+40.722286,-073.839725,36081,36081075702
4056,+40.716653,-073.837690,36081,36081076901
1371,+40.715654,-073.834678,36081,36081076902
2234,+40.711621,-073.834107,36081,36081077300
2273,+40.708625,-073.832262,36081,36081077500
5263,+40.725808,-073.825158,36081,36081077902
2972,+40.719244,-073.820689,36081,36081077903
6155,+40.720910,-073.814053,36081,36081077904
2455,+40.717695,-073.811731,36081,36081077905
3633,+40.729130,-073.818217,36081,36081077906
3193,+40.725049,-073.818155,36081,36081077907
3755,+40.725855,-073.813753,36081,36081077908
1818,+40.670315,-073.790588,36081,36081078800
2549,+40.672370,-073.796243,36081,36081079000
2280,+40.669398,-073.796484,36081,36081079200
1,+40.736373,-073.831471,36081,36081079300
7055,+40.753620,-073.824651,36081,36081079701
4502,+40.753056,-073.828525,36081,36081079702
3425,+40.747116,-073.828044,36081,36081079900
4382,+40.745010,-073.831446,36081,36081080301
3504,+40.740161,-073.826085,36081,36081080302
6850,+40.732051,-073.824031,36081,36081080900
3543,+40.670975,-073.804178,36081,36081081400
3478,+40.670879,-073.809152,36081,36081081800
5388,+40.743024,-073.818901,36081,36081083700
4970,+40.670298,-073.819413,36081,36081083800
6478,+40.673992,-073.818121,36081,36081084000
5318,+40.750939,-073.821396,36081,36081084500
2730,+40.667383,-073.821725,36081,36081084601
1053,+40.664962,-073.812773,36081,36081084602
7642,+40.755443,-073.831278,36081,36081084900
5764,+40.756310,-073.827654,36081,36081085300
6649,+40.759755,-073.823313,36081,36081085500
5953,+40.756743,-073.823627,36081,36081085700
5873,+40.754815,-073.821394,36081,36081085900
2370,+40.757606,-073.818268,36081,36081086100
7277,+40.761381,-073.820080,36081,36081086300
2634,+40.676673,-073.834272,36081,36081086400
4514,+40.762482,-073.825117,36081,36081086500
2131,+40.764163,-073.830907,36081,36081086900
1752,+40.758464,-073.832631,36081,36081087100
7337,+40.657873,-073.834120,36081,36081088400
10266,+40.770920,-073.828661,36081,36081088901
7430,+40.655880,-073.845335,36081,36081089200
1355,+40.776888,-073.841472,36081,36081090700
4079,+40.559883,-073.914936,36081,36081091601
0,+40.559936,-073.887845,36081,36081091602
17,+40.567798,-073.864578,36081,36081091800
5766,+40.777120,-073.845597,36081,36081091900
2206,+40.573764,-073.860472,36081,36081092200
3681,+40.782282,-073.845004,36081,36081092500
3246,+40.575470,-073.853440,36081,36081092800
6496,+40.787683,-073.850507,36081,36081092900
3789,+40.577886,-073.846484,36081,36081093401
3657,+40.578714,-073.840131,36081,36081093402
5218,+40.581278,-073.828878,36081,36081093800
4400,+40.791185,-073.844138,36081,36081093900
3380,+40.584902,-073.819994,36081,36081094201
4700,+40.588942,-073.809797,36081,36081094202
5369,+40.586591,-073.808536,36081,36081094203
3971,+40.788435,-073.832580,36081,36081094500
2577,+40.786193,-073.841682,36081,36081094700
5368,+40.593890,-073.799240,36081,36081095400
4441,+40.594325,-073.793317,36081,36081096400
2795,+40.590675,-073.787243,36081,36081097202
6865,+40.596797,-073.780386,36081,36081097203
3544,+40.593931,-073.782557,36081,36081097204
2016,+40.793179,-073.820380,36081,36081097300
2249,+40.794300,-073.816107,36081,36081098100
2444,+40.792429,-073.808948,36081,36081098700
6507,+40.791574,-073.800000,36081,36081099100
3803,+40.597567,-073.765769,36081,36081099200
2670,+40.779897,-073.791810,36081,36081099701
3892,+40.783816,-073.775908,36081,36081099703
6868,+40.781356,-073.780506,36081,36081099704
2632,+40.786138,-073.785480,36081,36081099705
7608,+40.598324,-073.757228,36081,36081099801
5283,+40.593959,-073.757167,36081,36081099802
0,+40.791785,-073.776866,36081,36081099900
2327,+40.610015,-073.766261,36081,36081100801
8106,+40.602912,-073.761564,36081,36081100802
9943,+40.598647,-073.749322,36081,36081101001
4138,+40.598392,-073.741791,36081,36081101002
5689,+40.779842,-073.798284,36081,36081101700
3319,+40.783478,-073.807368,36081,36081102900
6456,+40.608439,-073.755227,36081,36081103201
6197,+40.606137,-073.747509,36081,36081103202
4116,+40.779540,-073.810007,36081,36081103300
6151,+40.783472,-073.818495,36081,36081103900
7314,+40.774957,-073.821412,36081,36081104700
3556,+40.773860,-073.807422,36081,36081105900
2443,+40.605245,-073.819779,36081,36081107201
0,+40.625253,-073.813764,36081,36081107202
2613,+40.771944,-073.789798,36081,36081108500
3034,+40.775012,-073.776744,36081,36081109300
1887,+40.769953,-073.777380,36081,36081109700
3277,+40.768026,-073.787083,36081,36081109900
2559,+40.767126,-073.765227,36081,36081111300
2102,+40.766346,-073.771213,36081,36081112300
2242,+40.764992,-073.776270,36081,36081112900
1537,+40.764344,-073.783358,36081,36081113300
3322,+40.763745,-073.790519,36081,36081113900
2406,+40.769221,-073.796775,36081,36081114100
1673,+40.768441,-073.801551,36081,36081114700
1116,+40.768137,-073.807965,36081,36081115100
2114,+40.767086,-073.812003,36081,36081115500
3388,+40.766795,-073.815435,36081,36081115700
3991,+40.767711,-073.821376,36081,36081115900
4589,+40.766413,-073.825752,36081,36081116100
9104,+40.763921,-073.819110,36081,36081116300
2067,+40.761960,-073.812232,36081,36081116700
2743,+40.762866,-073.805478,36081,36081117100
4990,+40.761812,-073.796814,36081,36081117500
1840,+40.759682,-073.787813,36081,36081118100
2114,+40.759605,-073.804780,36081,36081118500
2521,+40.759685,-073.812242,36081,36081118700
2468,+40.756576,-073.812708,36081,36081118900
3273,+40.756834,-073.806637,36081,36081119100
2252,+40.757283,-073.800790,36081,36081119300
1349,+40.754893,-073.800050,36081,36081119500
1507,+40.753789,-073.809487,36081,36081119900
1668,+40.753207,-073.814235,36081,36081120100
1642,+40.748625,-073.813008,36081,36081120300
3024,+40.751408,-073.817375,36081,36081120500
2794,+40.750317,-073.803099,36081,36081120700
0,+40.745632,-073.808289,36081,36081121100
4101,+40.740510,-073.809472,36081,36081121500
3533,+40.735363,-073.799599,36081,36081122300
10910,+40.733036,-073.807527,36081,36081122701
6427,+40.733338,-073.812689,36081,36081122702
3897,+40.726397,-073.802836,36081,36081124100
3550,+40.728228,-073.796321,36081,36081124700
3203,+40.724120,-073.807840,36081,36081125700
1660,+40.720368,-073.804355,36081,36081126500
4057,+40.720231,-073.797796,36081,36081126700
3633,+40.724877,-073.783254,36081,36081127700
73,+40.736845,-073.764738,36081,36081128300
3341,+40.732271,-073.753667,36081,36081129102
3566,+40.737295,-073.759954,36081,36081129103
4102,+40.738580,-073.750340,36081,36081129104
3791,+40.733004,-073.739374,36081,36081130100
3679,+40.732071,-073.779093,36081,36081133300
1302,+40.728582,-073.790346,36081,36081133900
3259,+40.735252,-073.791010,36081,36081134100
9572,+40.737419,-073.781657,36081,36081134700
5879,+40.744323,-073.759144,36081,36081136700
6606,+40.746994,-073.750404,36081,36081137700
4743,+40.753319,-073.752843,36081,36081138501
72,+40.749345,-073.738981,36081,36081138502
1744,+40.749920,-073.762543,36081,36081139900
2302,+40.748230,-073.770022,36081,36081140300
914,+40.746695,-073.775255,36081,36081140901
2603,+40.745536,-073.782113,36081,36081140902
4475,+40.745358,-073.791636,36081,36081141700
3624,+40.751330,-073.784587,36081,36081142900
2199,+40.752732,-073.770837,36081,36081143500
2926,+40.756308,-073.764528,36081,36081144100
2927,+40.756533,-073.772196,36081,36081144700
1360,+40.755412,-073.784948,36081,36081145101
2468,+40.753214,-073.778277,36081,36081145102
2772,+40.753968,-073.791927,36081,36081145900
3000,+40.759639,-073.781366,36081,36081146300
2736,+40.761280,-073.773199,36081,36081146700
3341,+40.761486,-073.763334,36081,36081147100
4241,+40.770065,-073.741521,36081,36081147900
2863,+40.774969,-073.748563,36081,36081148300
2930,+40.762263,-073.739417,36081,36081150701
3178,+40.766669,-073.730909,36081,36081150702
6401,+40.752795,-073.735242,36081,36081152901
5126,+40.759473,-073.724854,36081,36081152902
1806,+40.758565,-073.715074,36081,36081155101
8185,+40.750933,-073.714837,36081,36081155102
1790,+40.737846,-073.730624,36081,36081156700
7216,+40.738980,-073.719569,36081,36081157101
1996,+40.734419,-073.725269,36081,36081157102
4800,+40.744407,-073.704479,36081,36081157901
3836,+40.741388,-073.711884,36081,36081157902
3944,+40.733873,-073.707670,36081,36081157903
4297,+40.728767,-073.717472,36081,36081161700
6197,+40.728513,-073.730562,36081,36081162100
0,+40.540173,-073.890969,36081,36081990100
1927,+40.641474,-074.076140,36085,36085000300
2408,+40.613550,-074.063651,36085,36085000600
4915,+40.645661,-074.083711,36085,36085000700
5583,+40.611294,-074.067319,36085,36085000800
2112,+40.641938,-074.083116,36085,36085000900
3987,+40.638965,-074.082620,36085,36085001100
1788,+40.635163,-074.081285,36085,36085001700
731,+40.599318,-074.058837,36085,36085001800
2504,+40.607814,-074.071779,36085,36085002001
3258,+40.601396,-074.070334,36085,36085002002
4236,+40.629161,-074.079624,36085,36085002100
2217,+40.624187,-074.076495,36085,36085002700
5207,+40.620226,-074.082784,36085,36085002900
3402,+40.627495,-074.085656,36085,36085003300
2510,+40.611551,-074.075260,36085,36085003600
2197,+40.621611,-074.093074,36085,36085003900
12998,+40.614221,-074.080747,36085,36085004000
3863,+40.614778,-074.095744,36085,36085004700
3847,+40.603960,-074.087641,36085,36085005000
2635,+40.626263,-074.101062,36085,36085005900
3550,+40.596620,-074.078171,36085,36085006400
2758,+40.633641,-074.102490,36085,36085006700
8525,+40.591074,-074.078171,36085,36085007000
4693,+40.594948,-074.065228,36085,36085007400
3914,+40.633679,-074.090625,36085,36085007500
1535,+40.637884,-074.089763,36085,36085007700
4301,+40.642302,-074.093708,36085,36085008100
0,+40.646981,-074.102410,36085,36085008900
4024,+40.596555,-074.089261,36085,36085009601
3461,+40.590543,-074.095107,36085,36085009602
3925,+40.640478,-074.112183,36085,36085009700
5153,+40.633998,-074.112501,36085,36085010500
5758,+40.580176,-074.090407,36085,36085011201
6428,+40.573491,-074.096028,36085,36085011202
3067,+40.586321,-074.100061,36085,36085011401
3450,+40.581047,-074.105311,36085,36085011402
3065,+40.626252,-074.109565,36085,36085012100
3813,+40.576257,-074.111253,36085,36085012200
2939,+40.629489,-074.119355,36085,36085012500
4259,+40.564508,-074.104256,36085,36085012804
3158,+40.556251,-074.119770,36085,36085012805
5955,+40.561625,-074.111783,36085,36085012806
1558,+40.564752,-074.122150,36085,36085013201
5433,+40.550139,-074.141671,36085,36085013203
4843,+40.558843,-074.131111,36085,36085013204
1633,+40.635598,-074.118910,36085,36085013301
3587,+40.634618,-074.123001,36085,36085013302
3946,+40.569926,-074.117775,36085,36085013400
6535,+40.570499,-074.130446,36085,36085013800
2690,+40.628877,-074.126876,36085,36085014100
6422,+40.550547,-074.159945,36085,36085014604
3836,+40.558529,-074.150150,36085,36085014605
6372,+40.561201,-074.143109,36085,36085014606
4552,+40.556992,-074.163697,36085,36085014607
3510,+40.558575,-074.156622,36085,36085014608
3412,+40.618047,-074.118956,36085,36085014700
5141,+40.620098,-074.127748,36085,36085015100
0,+40.546742,-074.129566,36085,36085015400
6330,+40.541916,-074.154301,36085,36085015601
3320,+40.536236,-074.162053,36085,36085015602
4265,+40.537913,-074.148071,36085,36085015603
2970,+40.612756,-074.107655,36085,36085016901
4507,+40.539812,-074.178640,36085,36085017005
4968,+40.560360,-074.185523,36085,36085017007
7388,+40.556433,-074.179532,36085,36085017008
4299,+40.542954,-074.190064,36085,36085017009
8583,+40.550852,-074.196697,36085,36085017010
4549,+40.545830,-074.170677,36085,36085017011
4279,+40.552916,-074.173051,36085,36085017012
2523,+40.606239,-074.118912,36085,36085017300
4815,+40.530244,-074.173635,36085,36085017600
7001,+40.601717,-074.101670,36085,36085017700
2974,+40.586306,-074.119074,36085,36085018100
1807,+40.610874,-074.127283,36085,36085018701
7485,+40.603777,-074.126244,36085,36085018702
5333,+40.612178,-074.139644,36085,36085018901
5064,+40.604492,-074.136843,36085,36085018902
1867,+40.616880,-074.135067,36085,36085019700
6300,+40.519705,-074.202179,36085,36085019800
3572,+40.624318,-074.133956,36085,36085020100
6399,+40.636895,-074.135031,36085,36085020700
8977,+40.547364,-074.212640,36085,36085020801
6463,+40.534057,-074.210460,36085,36085020803
5323,+40.536959,-074.200200,36085,36085020804
5376,+40.632507,-074.137853,36085,36085021300
2880,+40.635642,-074.153295,36085,36085022300
8490,+40.534839,-074.223084,36085,36085022600
105,+40.560251,-074.198272,36085,36085022800
4683,+40.629829,-074.156417,36085,36085023100
3250,+40.629203,-074.149344,36085,36085023900
5823,+40.508229,-074.241185,36085,36085024401
4259,+40.502467,-074.240138,36085,36085024402
2702,+40.627825,-074.142031,36085,36085024700
4741,+40.513050,-074.244354,36085,36085024800
5714,+40.617830,-074.146004,36085,36085025100
3820,+40.598034,-074.153332,36085,36085027301
3667,+40.598271,-074.137455,36085,36085027302
6193,+40.580832,-074.160541,36085,36085027702
4108,+40.585808,-074.151267,36085,36085027704
5351,+40.588015,-074.157127,36085,36085027705
2950,+40.590405,-074.161802,36085,36085027706
2137,+40.576087,-074.137285,36085,36085027900
2953,+40.592719,-074.187306,36085,36085029102
7245,+40.602405,-074.166627,36085,36085029103
6735,+40.613192,-074.163235,36085,36085029104
4929,+40.618932,-074.157146,36085,36085030301
6369,+40.623551,-074.161232,36085,36085030302
3265,+40.631384,-074.163015,36085,36085031901
4848,+40.637767,-074.166833,36085,36085031902
1250,+40.633574,-074.171217,36085,36085032300
0,+40.525551,-074.108582,36085,36085990100
